ISO-10303-21;
HEADER;
FILE_DESCRIPTION (( 'STEP AP203' ),
    '1' );
FILE_NAME ('pendulumAssembly_Default_sldprt.STEP',
    '2020-04-06T12:54:16',
    ( '' ),
    ( '' ),
    'SwSTEP 2.0',
    'SolidWorks 2018',
    '' );
FILE_SCHEMA (( 'CONFIG_CONTROL_DESIGN' ));
ENDSEC;

DATA;
#1 = CARTESIAN_POINT ( 'NONE',  ( -245.0000000000006821, 1.092875789865388469E-13, -2.046973701652632371E-13 ) ) ;
#2 = VECTOR ( 'NONE', #1198, 1000.000000000000114 ) ;
#3 = DIRECTION ( 'NONE',  ( 0.0000000000000000000, -0.5912510568824422830, 0.8064875620463064498 ) ) ;
#4 = EDGE_CURVE ( 'NONE', #1077, #642, #7, .T. ) ;
#5 = CARTESIAN_POINT ( 'NONE',  ( -275.0000000000006821, 5.912510568824528079, -8.064875620463265449 ) ) ;
#6 = ORIENTED_EDGE ( 'NONE', *, *, #858, .T. ) ;
#7 = CIRCLE ( 'NONE', #1251, 10.00000000000000000 ) ;
#8 = AXIS2_PLACEMENT_3D ( 'NONE', #213, #907, #324 ) ;
#9 = ORIENTED_EDGE ( 'NONE', *, *, #496, .F. ) ;
#10 = DIRECTION ( 'NONE',  ( 0.0000000000000000000, -0.8064875620463064498, -0.5912510568824423940 ) ) ;
#11 = ADVANCED_FACE ( 'NONE', ( #1003 ), #1047, .T. ) ;
#12 = CARTESIAN_POINT ( 'NONE',  ( -253.8013449531332242, 3.419200927511094612, 3.650906782379208515 ) ) ;
#13 = CARTESIAN_POINT ( 'NONE',  ( -275.2097893416586771, 16.39601011227037830, -13.74470482495565626 ) ) ;
#14 = CARTESIAN_POINT ( 'NONE',  ( -265.0000000000007390, 1.092875789865388469E-13, -2.046973701652632371E-13 ) ) ;
#15 = DATE_TIME_ROLE ( 'creation_date' ) ;
#16 = CARTESIAN_POINT ( 'NONE',  ( -245.0000000000006821, -4.434382926618210874, 6.048656715347094703 ) ) ;
#17 = ORIENTED_EDGE ( 'NONE', *, *, #1072, .T. ) ;
#18 = CARTESIAN_POINT ( 'NONE',  ( -256.0074272235137869, 3.158200910591890231, 3.941080317825773172 ) ) ;
#19 = AXIS2_PLACEMENT_3D ( 'NONE', #878, #1188, #456 ) ;
#20 = CIRCLE ( 'NONE', #577, 5.049999999999569944 ) ;
#21 = EDGE_LOOP ( 'NONE', ( #818, #746 ) ) ;
#22 = CARTESIAN_POINT ( 'NONE',  ( -254.8901600364297337, -2.873671711058901401, -4.152651068541223900 ) ) ;
#23 = ADVANCED_FACE ( 'NONE', ( #371 ), #64, .T. ) ;
#24 = CARTESIAN_POINT ( 'NONE',  ( -255.0000000000007390, -2.873671711058898737, -4.152651068541224788 ) ) ;
#25 = CARTESIAN_POINT ( 'NONE',  ( 0.0000000000000000000, 0.0000000000000000000, 0.0000000000000000000 ) ) ;
#26 = EDGE_CURVE ( 'NONE', #30, #451, #178, .T. ) ;
#27 = AXIS2_PLACEMENT_3D ( 'NONE', #85, #585, #768 ) ;
#28 = CARTESIAN_POINT ( 'NONE',  ( -255.1081893826338671, 2.873671711058806366, 4.152651068541025836 ) ) ;
#29 = CARTESIAN_POINT ( 'NONE',  ( -254.8906189141443406, -4.924899606893903936, -5.656444454073386474 ) ) ;
#30 = VERTEX_POINT ( 'NONE', #620 ) ;
#31 = CARTESIAN_POINT ( 'NONE',  ( -256.0899837787751494, -6.700430021322547169, -3.370483350146225909 ) ) ;
#32 = CARTESIAN_POINT ( 'NONE',  ( -254.7823711887786544, -4.821458855541111532, -1.502180008794196109 ) ) ;
#33 = CYLINDRICAL_SURFACE ( 'NONE', #229, 5.099999999999993427 ) ;
#34 = VERTEX_POINT ( 'NONE', #540 ) ;
#35 = ORIENTED_EDGE ( 'NONE', *, *, #250, .F. ) ;
#36 = CARTESIAN_POINT ( 'NONE',  ( -255.0000000000000000, -4.733577089779433145, -1.610356462127356281 ) ) ;
#37 = CARTESIAN_POINT ( 'NONE',  ( -275.0000000000006253, 19.88989675811201607, -10.21724067210190512 ) ) ;
#38 = CARTESIAN_POINT ( 'NONE',  ( -255.7313888206648755, -6.806130917243232048, -3.150928702662497027 ) ) ;
#39 = CARTESIAN_POINT ( 'NONE',  ( -245.0000000000006821, 1.092875789865388469E-13, -2.046973701652632371E-13 ) ) ;
#40 = EDGE_CURVE ( 'NONE', #447, #1091, #180, .T. ) ;
#41 = CARTESIAN_POINT ( 'NONE',  ( -254.9002950319883496, -2.959823919132114511, -4.029819148266263973 ) ) ;
#42 = CALENDAR_DATE ( 2020, 6, 4 ) ;
#43 = CC_DESIGN_SECURITY_CLASSIFICATION ( #491, ( #685 ) ) ;
#44 = DIRECTION ( 'NONE',  ( 1.000000000000000000, -2.064342031676298227E-15, 2.815836272893732605E-15 ) ) ;
#45 = ORIENTED_EDGE ( 'NONE', *, *, #4, .T. ) ;
#46 = LINE ( 'NONE', #639, #338 ) ;
#47 = FACE_OUTER_BOUND ( 'NONE', #533, .T. ) ;
#48 = CARTESIAN_POINT ( 'NONE',  ( -274.7906921737265975, 5.317497870660910841, -19.93434370746563289 ) ) ;
#49 = CARTESIAN_POINT ( 'NONE',  ( -275.4189009889452677, 8.145459327735489197, -19.71097606579952810 ) ) ;
#50 = EDGE_LOOP ( 'NONE', ( #1171, #765 ) ) ;
#51 = CARTESIAN_POINT ( 'NONE',  ( -255.6671004750808436, -3.087000804259151021, -3.933442388446764859 ) ) ;
#52 = CARTESIAN_POINT ( 'NONE',  ( -275.7790161455816360, 7.635837273447819484, -18.94038787220116049 ) ) ;
#53 = CARTESIAN_POINT ( 'NONE',  ( -256.0069394318096556, 5.180217118108386920, 5.423932068944061768 ) ) ;
#54 = CARTESIAN_POINT ( 'NONE',  ( -255.9156360244337804, -3.211556148329464122, -3.832631578386247018 ) ) ;
#55 = DIRECTION ( 'NONE',  ( 3.483902980920037752E-15, 0.5912510568824423940, -0.8064875620463064498 ) ) ;
#56 = CARTESIAN_POINT ( 'NONE',  ( -245.0000000000006821, 1.092875789865388469E-13, -2.046973701652632371E-13 ) ) ;
#57 = EDGE_CURVE ( 'NONE', #1194, #1214, #598, .T. ) ;
#58 = VECTOR ( 'NONE', #800, 1000.000000000000114 ) ;
#59 = CARTESIAN_POINT ( 'NONE',  ( -275.4186935768133822, 6.206112992147635232, -21.13301159484707625 ) ) ;
#60 = CARTESIAN_POINT ( 'NONE',  ( -255.9911373901266813, 3.260296838929416907, 3.791500640248564480 ) ) ;
#61 = CYLINDRICAL_SURFACE ( 'NONE', #705, 1.649999999999998357 ) ;
#62 = FACE_OUTER_BOUND ( 'NONE', #745, .T. ) ;
#63 = ORIENTED_EDGE ( 'NONE', *, *, #57, .T. ) ;
#64 = CYLINDRICAL_SURFACE ( 'NONE', #606, 10.00000000000000000 ) ;
#65 = CARTESIAN_POINT ( 'NONE',  ( -255.5348868767214299, -4.990608205104842376, -5.598714952428166747 ) ) ;
#66 = ORIENTED_EDGE ( 'NONE', *, *, #76, .F. ) ;
#67 = CARTESIAN_POINT ( 'NONE',  ( -255.3906970930625562, 4.717040421464663957, 1.658293483347806241 ) ) ;
#68 = CARTESIAN_POINT ( 'NONE',  ( -256.5969236423534880, 5.785737791740683811, 4.773519000458581907 ) ) ;
#69 = EDGE_CURVE ( 'NONE', #956, #1016, #1179, .T. ) ;
#70 = CARTESIAN_POINT ( 'NONE',  ( -256.4415526985762881, -5.522093488471284672, -5.079020604007330242 ) ) ;
#71 = AXIS2_PLACEMENT_3D ( 'NONE', #14, #709, #1032 ) ;
#72 = CARTESIAN_POINT ( 'NONE',  ( -274.5822859069024275, 17.44363754293479829, -11.12599375768776611 ) ) ;
#73 = DIRECTION ( 'NONE',  ( 1.000000000000000000, 2.918785349317743680E-29, -3.983747571366109617E-29 ) ) ;
#74 = CARTESIAN_POINT ( 'NONE',  ( -254.7827801722687866, 6.871640786042413573, 3.005166894976875724 ) ) ;
#75 = CARTESIAN_POINT ( 'NONE',  ( -267.5000000000006821, 4.434382926618448906, -6.048656715347537904 ) ) ;
#76 = EDGE_CURVE ( 'NONE', #872, #904, #1062, .T. ) ;
#77 = DATE_AND_TIME ( #1068, #975 ) ;
#78 = CARTESIAN_POINT ( 'NONE',  ( -255.1098107842849743, -2.873671711058897849, -4.152651068541225676 ) ) ;
#79 = DIRECTION ( 'NONE',  ( 0.0000000000000000000, 0.5912510568824423940, -0.8064875620463063388 ) ) ;
#80 = VECTOR ( 'NONE', #850, 1000.000000000000000 ) ;
#81 = CARTESIAN_POINT ( 'NONE',  ( -253.9100162212264422, 5.230126485120905500, 5.376029895181882345 ) ) ;
#82 = CARTESIAN_POINT ( 'NONE',  ( -274.2207297141348477, 7.636429281955682491, -18.94112730537889533 ) ) ;
#83 = FACE_OUTER_BOUND ( 'NONE', #131, .T. ) ;
#84 = CARTESIAN_POINT ( 'NONE',  ( -253.6820798944917215, 4.591969269916782004, 2.107243438563750182 ) ) ;
#85 = CARTESIAN_POINT ( 'NONE',  ( -255.0000000000000000, -4.032437810231537689, -2.956255284412208528 ) ) ;
#86 = CARTESIAN_POINT ( 'NONE',  ( -255.4296553668283707, -2.919786477210492670, -4.120418404774717658 ) ) ;
#87 = CARTESIAN_POINT ( 'NONE',  ( -20.00000000000000000, 0.0000000000000000000, 0.0000000000000000000 ) ) ;
#88 = AXIS2_PLACEMENT_3D ( 'NONE', #893, #688, #1101 ) ;
#89 = CARTESIAN_POINT ( 'NONE',  ( -254.1722052804591954, 5.091362899647974061, 5.507426629551399166 ) ) ;
#90 = CARTESIAN_POINT ( 'NONE',  ( -274.3008826337662072, 18.08557494710523272, -12.03945071818020374 ) ) ;
#91 = ORIENTED_EDGE ( 'NONE', *, *, #1271, .T. ) ;
#92 = CARTESIAN_POINT ( 'NONE',  ( -253.5584473014251330, 6.505016837045943134, 3.738278044915295695 ) ) ;
#93 = SHAPE_DEFINITION_REPRESENTATION ( #1079, #298 ) ;
#94 = CARTESIAN_POINT ( 'NONE',  ( -253.5098620005173302, 3.913026330778971218, 3.114090261142370863 ) ) ;
#95 = CYLINDRICAL_SURFACE ( 'NONE', #27, 1.499999999999992673 ) ;
#96 = FACE_OUTER_BOUND ( 'NONE', #727, .T. ) ;
#97 = AXIS2_PLACEMENT_3D ( 'NONE', #1237, #1310, #202 ) ;
#98 = ORIENTED_EDGE ( 'NONE', *, *, #185, .F. ) ;
#99 = DIRECTION ( 'NONE',  ( 3.505937367809557312E-15, 0.5912510568824423940, -0.8064875620463064498 ) ) ;
#100 = CARTESIAN_POINT ( 'NONE',  ( -256.0077833006563992, -4.708526676929910337, -1.826506206833469870 ) ) ;
#101 = ORIENTED_EDGE ( 'NONE', *, *, #359, .T. ) ;
#102 = MANIFOLD_SOLID_BREP ( 'Body-Move/Copy1[3]', #590 ) ;
#103 = ADVANCED_FACE ( 'NONE', ( #468 ), #983, .F. ) ;
#104 = CARTESIAN_POINT ( 'NONE',  ( -254.7822956614985799, 4.821438700639872010, 1.502241578068907790 ) ) ;
#105 = CARTESIAN_POINT ( 'NONE',  ( -256.5651636234227340, -4.366204171096056186, -2.539486918615030842 ) ) ;
#106 = AXIS2_PLACEMENT_3D ( 'NONE', #997, #487, #287 ) ;
#107 = CARTESIAN_POINT ( 'NONE',  ( -274.8942033064625434, 6.249365267807606372, -21.20932421718169536 ) ) ;
#108 = ORIENTED_EDGE ( 'NONE', *, *, #643, .T. ) ;
#109 = CARTESIAN_POINT ( 'NONE',  ( -245.0000000000006821, 4.434382926618428478, -6.048656715347505042 ) ) ;
#110 = CARTESIAN_POINT ( 'NONE',  ( -254.2658089866479258, -3.017699443532406267, -4.049430566648839047 ) ) ;
#111 = CIRCLE ( 'NONE', #304, 5.000000000000000000 ) ;
#112 = CARTESIAN_POINT ( 'NONE',  ( -275.4910889353353696, 17.48241954320177882, -11.18826646868004282 ) ) ;
#113 = DIRECTION ( 'NONE',  ( 0.0000000000000000000, -0.8064875620463064498, -0.5912510568824423940 ) ) ;
#114 = EDGE_CURVE ( 'NONE', #34, #1092, #342, .T. ) ;
#115 = CARTESIAN_POINT ( 'NONE',  ( -275.4034914391741609, 16.33907226108718902, -13.68677323852739214 ) ) ;
#116 = FACE_OUTER_BOUND ( 'NONE', #527, .T. ) ;
#117 = FACE_OUTER_BOUND ( 'NONE', #631, .T. ) ;
#118 = ADVANCED_FACE ( 'NONE', ( #313 ), #278, .T. ) ;
#119 = ORIENTED_EDGE ( 'NONE', *, *, #1282, .T. ) ;
#120 = DIRECTION ( 'NONE',  ( 0.0000000000000000000, -0.5912510568824422830, 0.8064875620463064498 ) ) ;
#121 = CARTESIAN_POINT ( 'NONE',  ( -255.2163212836559580, -4.824800198770856419, -1.491242113788343593 ) ) ;
#122 = CARTESIAN_POINT ( 'NONE',  ( -255.0000000000000000, -3.145561224907878817, -4.165986627481662374 ) ) ;
#123 = CARTESIAN_POINT ( 'NONE',  ( -254.2671399181738536, -5.053060147618743336, -5.542416197354734564 ) ) ;
#124 = EDGE_CURVE ( 'NONE', #686, #135, #20, .T. ) ;
#125 = CARTESIAN_POINT ( 'NONE',  ( -253.9085837991287917, -3.213778771048947824, -3.896171997723629765 ) ) ;
#126 = DIRECTION ( 'NONE',  ( 0.0000000000000000000, 0.0000000000000000000, -1.000000000000000000 ) ) ;
#127 = EDGE_LOOP ( 'NONE', ( #341, #625, #275, #802 ) ) ;
#128 = CARTESIAN_POINT ( 'NONE',  ( -256.5645303501677290, 4.366990985446072671, 2.538085901020514790 ) ) ;
#129 = CARTESIAN_POINT ( 'NONE',  ( -275.0000000000006253, 17.73753170647337285, -24.19462686138939489 ) ) ;
#130 = EDGE_CURVE ( 'NONE', #985, #498, #369, .T. ) ;
#131 = EDGE_LOOP ( 'NONE', ( #245, #943, #101, #201 ) ) ;
#132 = ORIENTED_EDGE ( 'NONE', *, *, #26, .F. ) ;
#133 = DIRECTION ( 'NONE',  ( 0.0000000000000000000, 0.7883506069197230293, -0.6152262352739066298 ) ) ;
#134 = DIRECTION ( 'NONE',  ( -0.0000000000000000000, -0.8064875620463063388, -0.5912510568824422830 ) ) ;
#135 = VERTEX_POINT ( 'NONE', #769 ) ;
#136 = CARTESIAN_POINT ( 'NONE',  ( -275.0000000000006253, 19.88989675811201607, -10.21724067210190512 ) ) ;
#137 = CARTESIAN_POINT ( 'NONE',  ( -275.0000000000006253, 19.88989675811201607, -10.21724067210190512 ) ) ;
#138 = CARTESIAN_POINT ( 'NONE',  ( -255.0000000000007390, 8.064875620463070049, 5.912510568824361989 ) ) ;
#139 = EDGE_CURVE ( 'NONE', #686, #963, #1074, .T. ) ;
#140 = CARTESIAN_POINT ( 'NONE',  ( -253.5773749168967015, -3.726997733551452807, -3.334331034964262752 ) ) ;
#141 = AXIS2_PLACEMENT_3D ( 'NONE', #1008, #691, #3 ) ;
#142 = DIRECTION ( 'NONE',  ( 0.0000000000000000000, -0.8064875620463064498, -0.5912510568824423940 ) ) ;
#143 = APPROVAL_PERSON_ORGANIZATION ( #817, #1300, #1215 ) ;
#144 = CLOSED_SHELL ( 'NONE', ( #694, #103, #418, #1141, #227, #526, #829, #926, #1219, #618, #520, #1033, #423, #118, #914, #716, #530, #824, #1132, #616 ) ) ;
#145 = CARTESIAN_POINT ( 'NONE',  ( -274.1999620142537424, 5.749298131611025653, -20.45483808071106324 ) ) ;
#146 = DIRECTION ( 'NONE',  ( -1.000000000000000000, -2.958228394578794270E-29, 4.023190616627160208E-29 ) ) ;
#147 = VECTOR ( 'NONE', #810, 1000.000000000000000 ) ;
#148 = EDGE_LOOP ( 'NONE', ( #108, #724 ) ) ;
#149 = CARTESIAN_POINT ( 'NONE',  ( -255.8277947195423110, -6.783993327403845086, -3.198618262554129732 ) ) ;
#150 = DIRECTION ( 'NONE',  ( -1.000000000000000000, -0.0000000000000000000, 0.0000000000000000000 ) ) ;
#151 = DIRECTION ( 'NONE',  ( 0.0000000000000000000, -0.8064875620463064498, -0.5912510568824423940 ) ) ;
#152 = AXIS2_PLACEMENT_3D ( 'NONE', #87, #1205, #297 ) ;
#153 = CARTESIAN_POINT ( 'NONE',  ( -275.0000000000006253, 6.249365267807605484, -21.20932421718169536 ) ) ;
#154 = CARTESIAN_POINT ( 'NONE',  ( -255.7530930912053577, 4.662995064027759540, 1.805445874887162905 ) ) ;
#155 = PERSON_AND_ORGANIZATION ( #584, #546 ) ;
#156 = ORIENTED_EDGE ( 'NONE', *, *, #808, .T. ) ;
#157 = VECTOR ( 'NONE', #113, 1000.000000000000114 ) ;
#158 = VECTOR ( 'NONE', #693, 1000.000000000000000 ) ;
#159 = ORIENTED_EDGE ( 'NONE', *, *, #820, .T. ) ;
#160 = CARTESIAN_POINT ( 'NONE',  ( -256.4999140493328014, -3.915561293759925121, -3.115635416650148759 ) ) ;
#161 = LINE ( 'NONE', #322, #1306 ) ;
#162 = CARTESIAN_POINT ( 'NONE',  ( -275.2117311468475691, 8.184935416718740697, -19.79032168066382269 ) ) ;
#163 = ORIENTED_EDGE ( 'NONE', *, *, #910, .T. ) ;
#164 = ORIENTED_EDGE ( 'NONE', *, *, #236, .F. ) ;
#165 = CARTESIAN_POINT ( 'NONE',  ( -255.9921392228950481, -3.261019256319078519, -3.790871303446097240 ) ) ;
#166 = AXIS2_PLACEMENT_3D ( 'NONE', #906, #507, #1226 ) ;
#167 = CARTESIAN_POINT ( 'NONE',  ( -256.4518076951284797, 4.251408958158035212, 2.633419122013589853 ) ) ;
#168 = CARTESIAN_POINT ( 'NONE',  ( -255.1093810858572795, 6.876028094605968199, 2.995035499320452654 ) ) ;
#169 = CARTESIAN_POINT ( 'NONE',  ( -255.0982620096205551, -4.733577089779433145, -1.610356462127355615 ) ) ;
#170 = CARTESIAN_POINT ( 'NONE',  ( -256.3088585909900985, 3.539694468264839688, 3.536163693488508120 ) ) ;
#171 = CARTESIAN_POINT ( 'NONE',  ( -255.8285083550217962, 5.091700661618294710, 5.507111116705265985 ) ) ;
#172 = CALENDAR_DATE ( 2020, 6, 4 ) ;
#173 = CARTESIAN_POINT ( 'NONE',  ( -255.0000000000007390, 7.089311376607041915, 7.243215046200766061 ) ) ;
#174 = CYLINDRICAL_SURFACE ( 'NONE', #1125, 1.649999999999998357 ) ;
#175 = FACE_OUTER_BOUND ( 'NONE', #965, .T. ) ;
#176 = CARTESIAN_POINT ( 'NONE',  ( -256.6392234291185446, 5.918386070658194775, 4.608031223977830493 ) ) ;
#177 = LINE ( 'NONE', #122, #578 ) ;
#178 = CIRCLE ( 'NONE', #666, 5.099999999999993427 ) ;
#179 = CARTESIAN_POINT ( 'NONE',  ( -253.9096024444166915, 3.213012889273535233, 3.896816326281956844 ) ) ;
#180 = B_SPLINE_CURVE_WITH_KNOTS ( 'NONE', 3,
 ( #726, #29, #1060, #1254, #235, #123, #238, #525, #842, #1259, #1145, #720, #828, #1243, #928, #715, #636, #623, #225, #932, #924, #532, #231, #335, #1051, #425, #529, #832 ),
 .UNSPECIFIED., .F., .F.,
 ( 4, 2, 2, 2, 2, 2, 2, 2, 2, 2, 2, 2, 2, 4 ),
 ( 0.0000000000000000000, 0.0003234056089150332209, 0.0006468112178300664417, 0.0009702168267450995542, 0.001293622435660132883, 0.001940433653490082231, 0.002587244871320032013, 0.002910650480235004844, 0.003234056089149977675, 0.003880867306979859585, 0.004204272915894800323, 0.004527678524809741062, 0.004851084133724681800, 0.005174489742639622539 ),
 .UNSPECIFIED. ) ;
#181 = VERTEX_POINT ( 'NONE', #1098 ) ;
#182 = CARTESIAN_POINT ( 'NONE',  ( -274.1999330757620896, 15.94939204491778817, -13.23656463874006661 ) ) ;
#183 = CARTESIAN_POINT ( 'NONE',  ( -270.0000000000000000, -3.941753034598622030, 3.076131176369537368 ) ) ;
#184 = CARTESIAN_POINT ( 'NONE',  ( -274.2000394260120970, 7.824834033890143203, -19.19235755623064321 ) ) ;
#185 = EDGE_CURVE ( 'NONE', #327, #541, #564, .T. ) ;
#186 = CARTESIAN_POINT ( 'NONE',  ( -253.3609771497735608, 3.940624231719088488, 3.159942879304974195 ) ) ;
#187 = CARTESIAN_POINT ( 'NONE',  ( -274.3014405898851464, 17.60876200022578431, -11.38897141071437247 ) ) ;
#188 = CARTESIAN_POINT ( 'NONE',  ( -255.0000000000000000, -4.032437810231537689, -2.956255284412208528 ) ) ;
#189 = CARTESIAN_POINT ( 'NONE',  ( -275.0000000000006253, 8.184935416718742474, -19.79032168066382980 ) ) ;
#190 = CARTESIAN_POINT ( 'NONE',  ( -253.9928416976675578, 5.180309480851789772, 5.423847152934976101 ) ) ;
#191 = CARTESIAN_POINT ( 'NONE',  ( -275.0000000000006253, 18.34667869850220612, -12.34055836394505690 ) ) ;
#192 = CARTESIAN_POINT ( 'NONE',  ( -274.7904917823066171, 7.253984340229530758, -18.51475048078448182 ) ) ;
#193 = ORIENTED_EDGE ( 'NONE', *, *, #1312, .F. ) ;
#194 = LINE ( 'NONE', #1220, #58 ) ;
#195 = CARTESIAN_POINT ( 'NONE',  ( -253.5600967500862168, 3.526663108872228669, 3.620231761998878195 ) ) ;
#196 = CARTESIAN_POINT ( 'NONE',  ( -274.7882688531536246, 16.41110854959106646, -13.75956090046292246 ) ) ;
#197 = CARTESIAN_POINT ( 'NONE',  ( -256.6500112270277327, -4.136945116820590407, -2.898276234274552721 ) ) ;
#198 = ORIENTED_EDGE ( 'NONE', *, *, #1122, .F. ) ;
#199 = CARTESIAN_POINT ( 'NONE',  ( -255.0000000000007390, 4.824800198770962112, 1.491242113788291634 ) ) ;
#200 = CARTESIAN_POINT ( 'NONE',  ( -254.7843105060862285, 4.924899606893854198, 5.656444454073208838 ) ) ;
#201 = ORIENTED_EDGE ( 'NONE', *, *, #139, .F. ) ;
#202 = DIRECTION ( 'NONE',  ( 0.0000000000000000000, 0.0000000000000000000, -1.000000000000000000 ) ) ;
#203 = CARTESIAN_POINT ( 'NONE',  ( -255.0000000000007390, 6.876028094605966423, 2.995035499320453098 ) ) ;
#204 = EDGE_CURVE ( 'NONE', #327, #929, #476, .T. ) ;
#205 = CARTESIAN_POINT ( 'NONE',  ( -275.6990739373312067, 17.60924199617176100, -11.38970857703850648 ) ) ;
#206 = CC_DESIGN_DATE_AND_TIME_ASSIGNMENT ( #664, #1036, ( #491 ) ) ;
#207 = CARTESIAN_POINT ( 'NONE',  ( -275.6989510696616321, 15.66110175577343000, -12.81763986569862368 ) ) ;
#208 = CARTESIAN_POINT ( 'NONE',  ( -256.3189659300384733, -4.591565004012398532, -2.108209677334509813 ) ) ;
#209 = VERTEX_POINT ( 'NONE', #883 ) ;
#210 = CARTESIAN_POINT ( 'NONE',  ( -275.0000000000006253, 6.249365267807605484, -21.20932421718169536 ) ) ;
#211 = DIRECTION ( 'NONE',  ( 0.0000000000000000000, 0.5912510568824423940, -0.8064875620463064498 ) ) ;
#212 = AXIS2_PLACEMENT_3D ( 'NONE', #1012, #413, #687 ) ;
#213 = CARTESIAN_POINT ( 'NONE',  ( 0.0000000000000000000, 0.0000000000000000000, 0.0000000000000000000 ) ) ;
#214 = ORIENTED_EDGE ( 'NONE', *, *, #778, .T. ) ;
#215 = CARTESIAN_POINT ( 'NONE',  ( -274.5966491311093023, 6.197771811662209807, -21.12165262482960415 ) ) ;
#216 = CARTESIAN_POINT ( 'NONE',  ( -275.0000000000006253, 16.41110854959106646, -13.75956090046292069 ) ) ;
#217 = ORIENTED_EDGE ( 'NONE', *, *, #139, .T. ) ;
#218 = CARTESIAN_POINT ( 'NONE',  ( -253.6820046490290679, -3.391192936678717906, -3.745187761193438547 ) ) ;
#219 = CARTESIAN_POINT ( 'NONE',  ( -275.7132743224998421, 18.09460883400446818, -12.05174434762528435 ) ) ;
#220 = CARTESIAN_POINT ( 'NONE',  ( -275.0000000000006253, 17.73753170647337285, -24.19462686138939489 ) ) ;
#221 = CARTESIAN_POINT ( 'NONE',  ( -275.8000393125479945, 15.82555442294599324, -13.06763828130512906 ) ) ;
#222 = CARTESIAN_POINT ( 'NONE',  ( -275.4920577562581911, 18.23895230627729092, -12.22032763268101085 ) ) ;
#223 = DIRECTION ( 'NONE',  ( 3.491481338843083263E-15, 0.5912510568824423940, -0.8064875620463064498 ) ) ;
#224 = CARTESIAN_POINT ( 'NONE',  ( -256.3179953509722964, 4.591906693396936134, 2.107371305562576236 ) ) ;
#225 = CARTESIAN_POINT ( 'NONE',  ( -253.6802824820100852, -6.593852434657164530, -3.577030495849648162 ) ) ;
#226 = ORIENTED_EDGE ( 'NONE', *, *, #1048, .F. ) ;
#227 = ADVANCED_FACE ( 'NONE', ( #998, #782 ), #33, .F. ) ;
#228 = CIRCLE ( 'NONE', #1014, 5.049999999999569944 ) ;
#229 = AXIS2_PLACEMENT_3D ( 'NONE', #677, #493, #292 ) ;
#230 = CARTESIAN_POINT ( 'NONE',  ( -253.4034018349468624, -4.313233297837812508, -2.628656036365817794 ) ) ;
#231 = CARTESIAN_POINT ( 'NONE',  ( -254.2681334871345484, -6.806042412312002021, -3.151121967228520671 ) ) ;
#232 = FACE_OUTER_BOUND ( 'NONE', #21, .T. ) ;
#233 = EDGE_LOOP ( 'NONE', ( #723, #400 ) ) ;
#234 = CARTESIAN_POINT ( 'NONE',  ( -255.5340196278004328, 2.947195431899516826, 4.101026037853354289 ) ) ;
#235 = CARTESIAN_POINT ( 'NONE',  ( -254.4668009670761819, -4.990136328670456756, -5.599136860395205417 ) ) ;
#236 = EDGE_CURVE ( 'NONE', #461, #1070, #596, .T. ) ;
#237 = DIRECTION ( 'NONE',  ( -1.000000000000000000, -0.0000000000000000000, 0.0000000000000000000 ) ) ;
#238 = CARTESIAN_POINT ( 'NONE',  ( -254.1724971880726685, -5.091245543356173187, -5.507533734409388870 ) ) ;
#239 = CARTESIAN_POINT ( 'NONE',  ( -256.3116424776810049, -6.589612837553606717, -3.582608587089559649 ) ) ;
#240 = EDGE_LOOP ( 'NONE', ( #257, #1149 ) ) ;
#241 = DIRECTION ( 'NONE',  ( 1.000000000000000000, 0.0000000000000000000, 0.0000000000000000000 ) ) ;
#242 = LINE ( 'NONE', #1263, #882 ) ;
#243 = CARTESIAN_POINT ( 'NONE',  ( -255.0000000000000000, -2.959823919132114511, -4.029819148266262197 ) ) ;
#244 = ORIENTED_EDGE ( 'NONE', *, *, #858, .F. ) ;
#245 = ORIENTED_EDGE ( 'NONE', *, *, #1064, .F. ) ;
#246 = DIRECTION ( 'NONE',  ( 0.0000000000000000000, 0.0000000000000000000, -1.000000000000000000 ) ) ;
#247 = ORIENTED_EDGE ( 'NONE', *, *, #1271, .F. ) ;
#248 = CARTESIAN_POINT ( 'NONE',  ( -254.2462371783707624, -4.662843739960839784, -1.805834152881070187 ) ) ;
#249 = CARTESIAN_POINT ( 'NONE',  ( -254.2673281668212439, -4.769936806183785016, -1.658938920507463832 ) ) ;
#250 = EDGE_CURVE ( 'NONE', #181, #1257, #837, .T. ) ;
#251 = CARTESIAN_POINT ( 'NONE',  ( -254.8035298550888683, -4.733577089779432256, -1.610356462127355837 ) ) ;
#252 = CARTESIAN_POINT ( 'NONE',  ( -245.0000000000006821, 2.985817837256187435, -4.072762188333705069 ) ) ;
#253 = LOCAL_TIME ( 14, 54, 16.00000000000000000, #522 ) ;
#254 = CARTESIAN_POINT ( 'NONE',  ( -253.4999943774417375, -3.974040236131933135, -3.035914514419874699 ) ) ;
#255 = DIRECTION ( 'NONE',  ( 3.491481338843083263E-15, 0.5912510568824423940, -0.8064875620463064498 ) ) ;
#256 = FACE_OUTER_BOUND ( 'NONE', #650, .T. ) ;
#257 = ORIENTED_EDGE ( 'NONE', *, *, #1184, .T. ) ;
#258 = CARTESIAN_POINT ( 'NONE',  ( -275.6985594101161041, 5.563860336707340259, -20.21931322098455652 ) ) ;
#259 = CARTESIAN_POINT ( 'NONE',  ( -255.2176813126824015, 4.821439111221692997, 1.502240134894041734 ) ) ;
#260 = CARTESIAN_POINT ( 'NONE',  ( -256.6499076829128967, -6.177815103837231980, -4.258171920488386775 ) ) ;
#261 = DIRECTION ( 'NONE',  ( 1.000000000000000000, -2.040851148208011154E-15, 2.721134864277347811E-15 ) ) ;
#262 = DIRECTION ( 'NONE',  ( 0.0000000000000000000, 0.7883506069197230293, -0.6152262352739067408 ) ) ;
#263 = DIRECTION ( 'NONE',  ( 1.000000000000000000, -2.081668171172166541E-15, 2.775557561562888590E-15 ) ) ;
#264 = CARTESIAN_POINT ( 'NONE',  ( -255.9908597912501875, -4.596794315599042058, -1.968373909894964413 ) ) ;
#265 = DIRECTION ( 'NONE',  ( 1.000000000000000000, -2.040851148208011154E-15, 2.721134864277347811E-15 ) ) ;
#266 = ORIENTED_EDGE ( 'NONE', *, *, #57, .F. ) ;
#267 = CARTESIAN_POINT ( 'NONE',  ( -255.7328600818275390, 6.805838774623399701, 3.151563537989451103 ) ) ;
#268 = CIRCLE ( 'NONE', #97, 10.00000000000000000 ) ;
#269 = FACE_BOUND ( 'NONE', #471, .T. ) ;
#270 = CARTESIAN_POINT ( 'NONE',  ( -255.0000000000000000, -4.733577089779433145, -1.610356462127356281 ) ) ;
#271 = CIRCLE ( 'NONE', #411, 7.500000000000007105 ) ;
#272 = CARTESIAN_POINT ( 'NONE',  ( -255.6672835439832738, 4.679884826765343675, 1.760742722085823386 ) ) ;
#273 = CARTESIAN_POINT ( 'NONE',  ( -256.6062631650431740, 6.297402805019229888, 4.078281224624913825 ) ) ;
#274 = ORIENTED_EDGE ( 'NONE', *, *, #889, .T. ) ;
#275 = ORIENTED_EDGE ( 'NONE', *, *, #1312, .T. ) ;
#276 = CARTESIAN_POINT ( 'NONE',  ( -255.0000000000007390, -4.924899606893901272, -5.656444454073386474 ) ) ;
#277 = AXIS2_PLACEMENT_3D ( 'NONE', #37, #444, #1266 ) ;
#278 = PLANE ( 'NONE',  #920 ) ;
#279 = CARTESIAN_POINT ( 'NONE',  ( -253.4032242117412750, 4.312950806880034627, 2.629136563390689574 ) ) ;
#280 = DIRECTION ( 'NONE',  ( 0.0000000000000000000, 0.0000000000000000000, 1.000000000000000000 ) ) ;
#281 = EDGE_CURVE ( 'NONE', #872, #451, #721, .T. ) ;
#282 = CARTESIAN_POINT ( 'NONE',  ( -267.5000000000006253, 17.73753170647336219, -24.19462686138937713 ) ) ;
#283 = DIRECTION ( 'NONE',  ( -1.000000000000000000, -2.918785349317743680E-29, 3.983747571366109617E-29 ) ) ;
#284 = CARTESIAN_POINT ( 'NONE',  ( -254.5653002468935142, 2.912206775570517880, 4.126631527327695892 ) ) ;
#285 = ORIENTED_EDGE ( 'NONE', *, *, #1129, .T. ) ;
#286 = CARTESIAN_POINT ( 'NONE',  ( -274.2210032058737852, 17.71681350914307274, -11.54982406862421129 ) ) ;
#287 = DIRECTION ( 'NONE',  ( 0.0000000000000000000, 0.7883506069197230293, -0.6152262352739066298 ) ) ;
#288 = CARTESIAN_POINT ( 'NONE',  ( -255.0000000000007390, 6.876028094605966423, 2.995035499320453098 ) ) ;
#289 = VERTEX_POINT ( 'NONE', #989 ) ;
#290 = CARTESIAN_POINT ( 'NONE',  ( -274.2000799435561476, 17.77630925549951968, -11.63490937112517010 ) ) ;
#291 = ORIENTED_EDGE ( 'NONE', *, *, #351, .F. ) ;
#292 = DIRECTION ( 'NONE',  ( 1.000000000000000000, -2.040851148208011154E-15, 2.721134864277347811E-15 ) ) ;
#293 = DIRECTION ( 'NONE',  ( -1.000000000000000000, -0.0000000000000000000, -0.0000000000000000000 ) ) ;
#294 = APPROVAL ( #819, 'UNSPECIFIED' ) ;
#295 = CARTESIAN_POINT ( 'NONE',  ( -274.3015422373359229, 15.66065195759741968, -12.81690929602360463 ) ) ;
#296 = CARTESIAN_POINT ( 'NONE',  ( -256.6499887553509893, -4.008377612706096826, -3.073634484401660316 ) ) ;
#297 = DIRECTION ( 'NONE',  ( 0.0000000000000000000, 0.0000000000000000000, -1.000000000000000000 ) ) ;
#298 = ADVANCED_BREP_SHAPE_REPRESENTATION ( 'pendulumAssembly_Default_sldprt', ( #792, #1267, #102, #8 ), #1089 ) ;
#299 = CARTESIAN_POINT ( 'NONE',  ( -255.1098399635717726, 4.824800198770962112, 1.491242113788290080 ) ) ;
#300 = PLANE ( 'NONE',  #543 ) ;
#301 = EDGE_CURVE ( 'NONE', #1077, #1257, #1107, .T. ) ;
#302 = DIRECTION ( 'NONE',  ( -1.000000000000000000, -2.960580270987559113E-29, 4.040757337506972988E-29 ) ) ;
#303 = ORIENTED_EDGE ( 'NONE', *, *, #962, .F. ) ;
#304 = AXIS2_PLACEMENT_3D ( 'NONE', #538, #730, #1155 ) ;
#305 = FACE_OUTER_BOUND ( 'NONE', #560, .T. ) ;
#306 = ADVANCED_FACE ( 'NONE', ( #232 ), #393, .T. ) ;
#307 = CARTESIAN_POINT ( 'NONE',  ( -253.9931454511691413, 4.708796307410241688, 1.825810369203776151 ) ) ;
#308 = CIRCLE ( 'NONE', #403, 10.00000000000000000 ) ;
#309 = CARTESIAN_POINT ( 'NONE',  ( -253.5484603755808166, 3.789811490292657403, 3.262922323310357697 ) ) ;
#310 = DIRECTION ( 'NONE',  ( 1.000000000000000000, 2.958228394578794270E-29, -4.023190616627160208E-29 ) ) ;
#311 = CARTESIAN_POINT ( 'NONE',  ( -256.4399032499152327, -4.513494939280894513, -2.274157894068097097 ) ) ;
#312 = ORIENTED_EDGE ( 'NONE', *, *, #301, .F. ) ;
#313 = FACE_OUTER_BOUND ( 'NONE', #976, .T. ) ;
#314 = EDGE_LOOP ( 'NONE', ( #226, #432, #952, #852 ) ) ;
#315 = CARTESIAN_POINT ( 'NONE',  ( -254.1715283946924160, 4.752213867400420177, 1.709622627207405321 ) ) ;
#316 = B_SPLINE_CURVE_WITH_KNOTS ( 'NONE', 3,
 ( #877, #980, #917, #696, #1127, #807, #908, #795, #1118, #506, #406, #499, #1216, #600, #94, #309, #1224, #401, #12, #1026, #1130, #325, #517, #593, #789, #495, #317, #1314 ),
 .UNSPECIFIED., .F., .F.,
 ( 4, 2, 2, 2, 2, 2, 2, 2, 2, 2, 2, 2, 2, 4 ),
 ( 0.0000000000000000000, 0.0002948077093299493901, 0.0005896154186598987802, 0.0008844231279898482788, 0.001179230837319797560, 0.001768846255979580765, 0.002358461674639364403, 0.002653269383969255896, 0.002948077093299146956, 0.003537692511958928643, 0.003832500221288877816, 0.004127307930618826989, 0.004422115639948775295, 0.004716923349278724469 ),
 .UNSPECIFIED. ) ;
#317 = CARTESIAN_POINT ( 'NONE',  ( -254.9017379903795870, 2.959823919132103409, 4.029819148266270190 ) ) ;
#318 = CARTESIAN_POINT ( 'NONE',  ( -274.9999999999990337, 7.238933725697482835, -18.49994158138044043 ) ) ;
#319 = AXIS2_PLACEMENT_3D ( 'NONE', #1238, #302, #1119 ) ;
#320 = APPLICATION_PROTOCOL_DEFINITION ( 'international standard', 'config_control_design', 1994, #417 ) ;
#321 = CARTESIAN_POINT ( 'NONE',  ( -274.2000761306781556, 5.934539536650163427, -20.70753468000295072 ) ) ;
#322 = CARTESIAN_POINT ( 'NONE',  ( -282.5000000000007390, -4.936946324968290334, 6.734171143086455480 ) ) ;
#323 = CARTESIAN_POINT ( 'NONE',  ( -253.3606946850055976, -3.941715688813142826, -3.158608632453499432 ) ) ;
#324 = DIRECTION ( 'NONE',  ( 1.000000000000000000, 0.0000000000000000000, 0.0000000000000000000 ) ) ;
#325 = CARTESIAN_POINT ( 'NONE',  ( -254.2463374552180824, 3.124925054851882766, 3.903585999039785648 ) ) ;
#326 = DIRECTION ( 'NONE',  ( 3.505937367809556524E-15, 0.5912510568824423940, -0.8064875620463064498 ) ) ;
#327 = VERTEX_POINT ( 'NONE', #203 ) ;
#328 = CARTESIAN_POINT ( 'NONE',  ( -256.5965981650544450, 3.804490914787089562, 3.322598819960232319 ) ) ;
#329 = APPROVAL_STATUS ( 'not_yet_approved' ) ;
#330 = ORIENTED_EDGE ( 'NONE', *, *, #1255, .F. ) ;
#331 = EDGE_LOOP ( 'NONE', ( #164, #198 ) ) ;
#332 = CARTESIAN_POINT ( 'NONE',  ( -254.5704155524477414, -2.919771492617774022, -4.120428977303443041 ) ) ;
#333 = EDGE_CURVE ( 'NONE', #498, #985, #868, .T. ) ;
#334 = CARTESIAN_POINT ( 'NONE',  ( -253.3499510171209863, -4.136478928361756680, -2.898932996335896739 ) ) ;
#335 = CARTESIAN_POINT ( 'NONE',  ( -254.4674771848453076, -6.841091667146407929, -3.074288173258945545 ) ) ;
#336 = CARTESIAN_POINT ( 'NONE',  ( -256.0914162008725725, 4.682522266612513917, 1.892753403845302662 ) ) ;
#337 = EDGE_CURVE ( 'NONE', #864, #1229, #845, .T. ) ;
#338 = VECTOR ( 'NONE', #150, 1000.000000000000000 ) ;
#339 = CARTESIAN_POINT ( 'NONE',  ( -245.0000000000006821, -4.434382926618210874, 6.048656715347094703 ) ) ;
#340 = LINE ( 'NONE', #421, #1043 ) ;
#341 = ORIENTED_EDGE ( 'NONE', *, *, #1129, .F. ) ;
#342 = CIRCLE ( 'NONE', #384, 5.000000000000000000 ) ;
#343 = ORIENTED_EDGE ( 'NONE', *, *, #1072, .F. ) ;
#344 = DIRECTION ( 'NONE',  ( 0.0000000000000000000, 0.5912510568824421719, -0.8064875620463065609 ) ) ;
#345 = CARTESIAN_POINT ( 'NONE',  ( -275.0000000000006253, 17.73753170647337285, -24.19462686138939489 ) ) ;
#346 = EDGE_CURVE ( 'NONE', #985, #289, #799, .T. ) ;
#347 = CARTESIAN_POINT ( 'NONE',  ( -254.0078486970053859, -3.261027715597121901, -3.790863993030294754 ) ) ;
#348 = DIRECTION ( 'NONE',  ( 3.491481338843082868E-15, 0.5912510568824423940, -0.8064875620463064498 ) ) ;
#349 = CARTESIAN_POINT ( 'NONE',  ( -253.5000056274146516, -4.090936309967542428, -2.876458385767115988 ) ) ;
#350 = LOCAL_TIME ( 14, 54, 16.00000000000000000, #1245 ) ;
#351 = EDGE_CURVE ( 'NONE', #904, #872, #385, .T. ) ;
#352 = FACE_OUTER_BOUND ( 'NONE', #505, .T. ) ;
#353 = DIRECTION ( 'NONE',  ( 0.0000000000000000000, -0.8064875620463064498, -0.5912510568824423940 ) ) ;
#354 = FACE_BOUND ( 'NONE', #1152, .T. ) ;
#355 = CARTESIAN_POINT ( 'NONE',  ( -270.0000000000000000, -6.938893903907228378E-15, 3.469446951953614189E-15 ) ) ;
#356 = ORIENTED_EDGE ( 'NONE', *, *, #735, .F. ) ;
#357 = CARTESIAN_POINT ( 'NONE',  ( -274.3009260626699302, 5.564418948428553335, -20.21999275261923401 ) ) ;
#358 = CARTESIAN_POINT ( 'NONE',  ( -255.1964701449111885, 2.959823919132102077, 4.029819148266268414 ) ) ;
#359 = EDGE_CURVE ( 'NONE', #775, #963, #851, .T. ) ;
#360 = CARTESIAN_POINT ( 'NONE',  ( -275.7793145128446781, 5.932571694430339271, -20.70872491307931540 ) ) ;
#361 = CC_DESIGN_APPROVAL ( #294, ( #685 ) ) ;
#362 = DIRECTION ( 'NONE',  ( 3.491481338843083263E-15, 0.5912510568824423940, -0.8064875620463064498 ) ) ;
#363 = CARTESIAN_POINT ( 'NONE',  ( -256.6499143340806199, 6.176731020599948607, 4.259653123597290758 ) ) ;
#364 = ORIENTED_EDGE ( 'NONE', *, *, #562, .T. ) ;
#365 = CARTESIAN_POINT ( 'NONE',  ( -256.3092674242203088, -4.436831590887782006, -2.312625790886899679 ) ) ;
#366 = FACE_OUTER_BOUND ( 'NONE', #551, .T. ) ;
#367 = CARTESIAN_POINT ( 'NONE',  ( -282.5000000000007390, -4.434382926618196663, 6.048656715347070723 ) ) ;
#368 = EDGE_CURVE ( 'NONE', #566, #1044, #340, .T. ) ;
#369 = CIRCLE ( 'NONE', #992, 7.500000000000002665 ) ;
#370 = ORIENTED_EDGE ( 'NONE', *, *, #630, .F. ) ;
#371 = FACE_OUTER_BOUND ( 'NONE', #1309, .T. ) ;
#372 = CARTESIAN_POINT ( 'NONE',  ( -255.9157247660091627, -4.621218489069760516, -1.909837670227591211 ) ) ;
#373 = ORIENTED_EDGE ( 'NONE', *, *, #930, .T. ) ;
#374 = CARTESIAN_POINT ( 'NONE',  ( -256.4514826639560852, 3.789717419136843901, 3.263022770894675961 ) ) ;
#375 = DIRECTION ( 'NONE',  ( 5.009266748153424404E-29, -0.5912510568824423940, 0.8064875620463064498 ) ) ;
#376 = CARTESIAN_POINT ( 'NONE',  ( -255.8325507189321399, -5.084599061490907346, -5.513979496288684778 ) ) ;
#377 = CARTESIAN_POINT ( 'NONE',  ( -280.1000000000007049, 5.912510568824538737, -8.064875620463279660 ) ) ;
#378 = CARTESIAN_POINT ( 'NONE',  ( -255.5331990329252108, 6.841001476494660949, 3.074490682820457899 ) ) ;
#379 = AXIS2_PLACEMENT_3D ( 'NONE', #633, #866, #263 ) ;
#380 = CARTESIAN_POINT ( 'NONE',  ( -275.6397704638887376, 6.088715099789316021, -20.94457402394694867 ) ) ;
#381 = CYLINDRICAL_SURFACE ( 'NONE', #1213, 10.00000000000000000 ) ;
#382 = CARTESIAN_POINT ( 'NONE',  ( -253.7578328128593625, 5.339322529401905548, 5.267594841222487112 ) ) ;
#383 = ORIENTED_EDGE ( 'NONE', *, *, #1055, .T. ) ;
#384 = AXIS2_PLACEMENT_3D ( 'NONE', #1281, #557, #262 ) ;
#385 = CIRCLE ( 'NONE', #984, 5.099999999999993427 ) ;
#386 = ORIENTED_EDGE ( 'NONE', *, *, #1027, .F. ) ;
#387 = CARTESIAN_POINT ( 'NONE',  ( -253.4353517994883873, 4.366842582541014650, 2.538349424464185766 ) ) ;
#388 = CARTESIAN_POINT ( 'NONE',  ( -267.5000000000007390, -7.662930504076172156, -14.91742256858414351 ) ) ;
#389 = CARTESIAN_POINT ( 'NONE',  ( -274.3010489303396753, 7.512285850708549262, -18.79168862100160808 ) ) ;
#390 = CARTESIAN_POINT ( 'NONE',  ( -254.2686111793366308, 5.052542611615181478, 5.542885792592917582 ) ) ;
#391 = CARTESIAN_POINT ( 'NONE',  ( -274.1999205112479103, 17.90131606342058745, -11.80545205053861402 ) ) ;
#392 = CARTESIAN_POINT ( 'NONE',  ( -256.0910783719001529, -3.213536401593863889, -3.896373052844948948 ) ) ;
#393 = PLANE ( 'NONE',  #106 ) ;
#394 = DIRECTION ( 'NONE',  ( -1.000000000000000000, -2.958228394578794270E-29, 4.023190616627160208E-29 ) ) ;
#395 = ORIENTED_EDGE ( 'NONE', *, *, #337, .T. ) ;
#396 = VECTOR ( 'NONE', #293, 1000.000000000000000 ) ;
#397 = CARTESIAN_POINT ( 'NONE',  ( -274.5078563105391254, 8.108656396594126292, -19.64693404946973843 ) ) ;
#398 = ORIENTED_EDGE ( 'NONE', *, *, #69, .T. ) ;
#399 = CARTESIAN_POINT ( 'NONE',  ( -253.9922166993451356, 3.158423872161613133, 3.940901804754950444 ) ) ;
#400 = ORIENTED_EDGE ( 'NONE', *, *, #333, .F. ) ;
#401 = CARTESIAN_POINT ( 'NONE',  ( -253.6907325757797196, 3.540285175761921810, 3.535547127228738873 ) ) ;
#402 = CARTESIAN_POINT ( 'NONE',  ( -255.2174173527650396, 4.933277105919019689, 5.649181290718219728 ) ) ;
#403 = AXIS2_PLACEMENT_3D ( 'NONE', #1069, #549, #246 ) ;
#404 = EDGE_LOOP ( 'NONE', ( #1117, #1180 ) ) ;
#405 = CARTESIAN_POINT ( 'NONE',  ( -275.0000000000014211, 17.40067700748672763, -11.05017826466481878 ) ) ;
#406 = CARTESIAN_POINT ( 'NONE',  ( -253.6900757735470791, 4.435968655649025649, 2.314116182758571227 ) ) ;
#407 = DIRECTION ( 'NONE',  ( 0.0000000000000000000, 0.5912510568824423940, -0.8064875620463064498 ) ) ;
#408 = CARTESIAN_POINT ( 'NONE',  ( -275.4030883881505929, 17.45219222230893763, -11.13771883660830397 ) ) ;
#409 = CARTESIAN_POINT ( 'NONE',  ( -255.0000000000007390, -6.876028094605894481, -2.995035499320531258 ) ) ;
#410 = AXIS2_PLACEMENT_3D ( 'NONE', #939, #241, #535 ) ;
#411 = AXIS2_PLACEMENT_3D ( 'NONE', #345, #534, #544 ) ;
#412 = CYLINDRICAL_SURFACE ( 'NONE', #277, 0.8000000000000015987 ) ;
#413 = DIRECTION ( 'NONE',  ( 1.000000000000000000, 0.0000000000000000000, 0.0000000000000000000 ) ) ;
#414 = CARTESIAN_POINT ( 'NONE',  ( -274.8954921920117727, 7.238933725707049405, -18.49994158138995104 ) ) ;
#415 = CARTESIAN_POINT ( 'NONE',  ( -255.7326718331802056, 3.017094326129077686, 4.049878677713730113 ) ) ;
#416 = ORIENTED_EDGE ( 'NONE', *, *, #712, .F. ) ;
#417 = APPLICATION_CONTEXT ( 'configuration controlled 3d designs of mechanical parts and assemblies' ) ;
#418 = ADVANCED_FACE ( 'NONE', ( #117 ), #1164, .F. ) ;
#419 = APPROVAL_STATUS ( 'not_yet_approved' ) ;
#420 = CARTESIAN_POINT ( 'NONE',  ( -282.5000000000007390, 7.662930504076387983, 14.91742256858372606 ) ) ;
#421 = CARTESIAN_POINT ( 'NONE',  ( -275.0000000000006253, 19.41689591260605852, -9.572050622464857383 ) ) ;
#422 = ORIENTED_EDGE ( 'NONE', *, *, #1160, .T. ) ;
#423 = ADVANCED_FACE ( 'NONE', ( #62, #1276 ), #579, .F. ) ;
#424 = CARTESIAN_POINT ( 'NONE',  ( -253.9100406607043965, -4.683042908981285279, -1.891481492617533622 ) ) ;
#425 = CARTESIAN_POINT ( 'NONE',  ( -254.7825826472364099, -6.871621733489007511, -3.005209977859781389 ) ) ;
#426 = CC_DESIGN_PERSON_AND_ORGANIZATION_ASSIGNMENT ( #698, #1024, ( #685 ) ) ;
#427 = ORIENTED_EDGE ( 'NONE', *, *, #554, .F. ) ;
#428 = VECTOR ( 'NONE', #787, 1000.000000000000114 ) ;
#429 = ORIENTED_EDGE ( 'NONE', *, *, #1002, .T. ) ;
#430 = CARTESIAN_POINT ( 'NONE',  ( -255.0000000000007390, 2.873671711058807254, 4.152651068541026724 ) ) ;
#431 = DIRECTION ( 'NONE',  ( 1.000000000000000000, 0.0000000000000000000, 0.0000000000000000000 ) ) ;
#432 = ORIENTED_EDGE ( 'NONE', *, *, #554, .T. ) ;
#433 = UNCERTAINTY_MEASURE_WITH_UNIT (LENGTH_MEASURE( 1.000000000000000082E-05 ), #1223, 'distance_accuracy_value', 'NONE');
#434 = EDGE_CURVE ( 'NONE', #887, #1264, #748, .T. ) ;
#435 = AXIS2_PLACEMENT_3D ( 'NONE', #1066, #237, #635 ) ;
#436 = CARTESIAN_POINT ( 'NONE',  ( -282.5000000000007390, -4.434382926618196663, 6.048656715347070723 ) ) ;
#437 = CARTESIAN_POINT ( 'NONE',  ( -253.5096668367645805, -3.913885551894494164, -3.113016911030971556 ) ) ;
#438 = CARTESIAN_POINT ( 'NONE',  ( -265.0000000000007390, -2.985817837255970275, 4.072762188333295619 ) ) ;
#439 = COORDINATED_UNIVERSAL_TIME_OFFSET ( 1, 0, .AHEAD. ) ;
#440 = FACE_OUTER_BOUND ( 'NONE', #737, .T. ) ;
#441 = AXIS2_PLACEMENT_3D ( 'NONE', #659, #255, #261 ) ;
#442 = DIRECTION ( 'NONE',  ( 1.000000000000000000, 2.958228394578794270E-29, -4.023190616627160208E-29 ) ) ;
#443 = CARTESIAN_POINT ( 'NONE',  ( -253.8016375372585287, -3.419110757699391989, -3.650957125024746563 ) ) ;
#444 = DIRECTION ( 'NONE',  ( 0.0000000000000000000, -0.8064875620463064498, -0.5912510568824423940 ) ) ;
#445 = CARTESIAN_POINT ( 'NONE',  ( -256.0071583023338349, -6.731044895241992343, -3.308588652891360393 ) ) ;
#446 = CARTESIAN_POINT ( 'NONE',  ( -255.0000000000007390, 8.064875620463070049, 5.912510568824361989 ) ) ;
#447 = VERTEX_POINT ( 'NONE', #881 ) ;
#448 = VERTEX_POINT ( 'NONE', #282 ) ;
#449 = CARTESIAN_POINT ( 'NONE',  ( -255.4857433192347287, -3.024819930170516535, -3.981457946377142232 ) ) ;
#450 = CARTESIAN_POINT ( 'NONE',  ( -255.0997049680116504, 4.733577089779419822, 1.610356462127360944 ) ) ;
#451 = VERTEX_POINT ( 'NONE', #988 ) ;
#452 = VECTOR ( 'NONE', #134, 1000.000000000000000 ) ;
#453 = ORIENTED_EDGE ( 'NONE', *, *, #114, .F. ) ;
#454 = CARTESIAN_POINT ( 'NONE',  ( -256.4818544731862175, -6.454014291836728923, -3.821754851831036248 ) ) ;
#455 = CARTESIAN_POINT ( 'NONE',  ( -282.5000000000007390, -16.53169635731281062, -2.820109137889542872 ) ) ;
#456 = DIRECTION ( 'NONE',  ( 1.000000000000000000, -2.040851148208011154E-15, 2.721134864277347811E-15 ) ) ;
#457 = AXIS2_PLACEMENT_3D ( 'NONE', #188, #478, #519 ) ;
#458 = CARTESIAN_POINT ( 'NONE',  ( -255.7536625447820597, -4.662861660562294119, -1.805785531229774810 ) ) ;
#459 = CARTESIAN_POINT ( 'NONE',  ( -275.7999327536772398, 7.700032794092603439, -19.02213168046601766 ) ) ;
#460 = DIRECTION ( 'NONE',  ( 0.0000000000000000000, 0.5912510568824423940, -0.8064875620463063388 ) ) ;
#461 = VERTEX_POINT ( 'NONE', #183 ) ;
#462 = CARTESIAN_POINT ( 'NONE',  ( -275.7999200564451598, 5.747999140560032139, -20.45308760802574710 ) ) ;
#463 = FACE_OUTER_BOUND ( 'NONE', #127, .T. ) ;
#464 = CARTESIAN_POINT ( 'NONE',  ( -256.3099110870469985, 4.436043657051275346, 2.314004947969880099 ) ) ;
#465 = LINE ( 'NONE', #1153, #821 ) ;
#466 = CARTESIAN_POINT ( 'NONE',  ( -275.0000000000006253, 19.88989675811201607, -10.21724067210190512 ) ) ;
#467 = ORIENTED_EDGE ( 'NONE', *, *, #1173, .T. ) ;
#468 = FACE_OUTER_BOUND ( 'NONE', #1178, .T. ) ;
#469 = CARTESIAN_POINT ( 'NONE',  ( -256.5973984178726823, -5.786890457643651509, -4.772118626276300901 ) ) ;
#470 = AXIS2_PLACEMENT_3D ( 'NONE', #641, #1258, #44 ) ;
#471 = EDGE_LOOP ( 'NONE', ( #1121, #523 ) ) ;
#472 = CARTESIAN_POINT ( 'NONE',  ( -245.0000000000006821, -2.985817837255970275, 4.072762188333295619 ) ) ;
#473 = CARTESIAN_POINT ( 'NONE',  ( -255.2177043385028696, -2.883150318067054130, -4.146136170742266813 ) ) ;
#474 = CARTESIAN_POINT ( 'NONE',  ( -255.0000000000007390, 6.876028094605966423, 2.995035499320453098 ) ) ;
#475 = CARTESIAN_POINT ( 'NONE',  ( -253.3931512591357489, 5.784626347287732173, 4.777922197898397449 ) ) ;
#476 = B_SPLINE_CURVE_WITH_KNOTS ( 'NONE', 3,
 ( #474, #168, #1193, #960, #378, #267, #662, #573, #1094, #971, #749, #273, #363, #1293, #176, #68, #754, #862, #968, #763, #53, #171, #1298, #1172, #682, #402, #1111, #898 ),
 .UNSPECIFIED., .F., .F.,
 ( 4, 2, 2, 2, 2, 2, 2, 2, 2, 2, 2, 2, 2, 4 ),
 ( 0.0000000000000000000, 0.0003234056089150348472, 0.0006468112178300696943, 0.0009702168267451045415, 0.001293622435660139389, 0.001940433653490092857, 0.002587244871320046758, 0.002910650480235023926, 0.003234056089150001527, 0.003880867306979894280, 0.004204272915894841957, 0.004527678524809788767, 0.004851084133724736444, 0.005174489742639684121 ),
 .UNSPECIFIED. ) ;
#477 = CARTESIAN_POINT ( 'NONE',  ( -274.3603496286438030, 16.19673701982910785, -13.53434748439348745 ) ) ;
#478 = DIRECTION ( 'NONE',  ( -0.0000000000000000000, -0.8064875620463064498, -0.5912510568824423940 ) ) ;
#479 = CARTESIAN_POINT ( 'NONE',  ( -253.5594465191914821, 4.512665523612877649, 2.275626866930013037 ) ) ;
#480 = CARTESIAN_POINT ( 'NONE',  ( -274.3009365389813183, 16.13759629416651720, -13.46762293162448465 ) ) ;
#481 = CARTESIAN_POINT ( 'NONE',  ( -274.7902106583425166, 8.175309854900687512, -19.77145333816398676 ) ) ;
#482 = VERTEX_POINT ( 'NONE', #1239 ) ;
#483 = VERTEX_POINT ( 'NONE', #922 ) ;
#484 = CARTESIAN_POINT ( 'NONE',  ( -253.4026015821287388, 6.291995310297298971, 4.083137564081835258 ) ) ;
#485 = CARTESIAN_POINT ( 'NONE',  ( -274.7901133381749332, 15.47478661192119098, -12.48814798298009698 ) ) ;
#486 = CARTESIAN_POINT ( 'NONE',  ( -256.0068545488323366, -3.157841387243600195, -3.941368282967784520 ) ) ;
#487 = DIRECTION ( 'NONE',  ( 1.000000000000000000, 0.0000000000000000000, 0.0000000000000000000 ) ) ;
#488 = EDGE_CURVE ( 'NONE', #482, #448, #1211, .T. ) ;
#489 = EDGE_LOOP ( 'NONE', ( #1273, #66, #961, #6 ) ) ;
#490 = DIRECTION ( 'NONE',  ( 0.0000000000000000000, 0.0000000000000000000, -1.000000000000000000 ) ) ;
#491 = SECURITY_CLASSIFICATION ( '', '', #1128 ) ;
#492 = CARTESIAN_POINT ( 'NONE',  ( -274.5813064231880389, 18.28691359604372124, -12.27635160257618452 ) ) ;
#493 = DIRECTION ( 'NONE',  ( 3.491481338843083263E-15, 0.5912510568824423940, -0.8064875620463064498 ) ) ;
#494 = CARTESIAN_POINT ( 'NONE',  ( -253.4348363765788861, 3.735388702026899654, 3.399941752189677313 ) ) ;
#495 = CARTESIAN_POINT ( 'NONE',  ( -254.8021846908791304, 2.968149325212363632, 4.023742263261427254 ) ) ;
#496 = EDGE_CURVE ( 'NONE', #1233, #482, #161, .T. ) ;
#497 = CARTESIAN_POINT ( 'NONE',  ( -275.1044611203284944, 17.40067700749036916, -11.05017826467109820 ) ) ;
#498 = VERTEX_POINT ( 'NONE', #16 ) ;
#499 = CARTESIAN_POINT ( 'NONE',  ( -253.5400485599073477, 4.256482711404418140, 2.629697045045502612 ) ) ;
#500 = CARTESIAN_POINT ( 'NONE',  ( -275.4031178742829979, 15.51275264374394602, -12.55959515724154407 ) ) ;
#501 = LINE ( 'NONE', #173, #652 ) ;
#502 = ADVANCED_FACE ( 'NONE', ( #1176 ), #903, .F. ) ;
#503 = VECTOR ( 'NONE', #442, 1000.000000000000000 ) ;
#504 = CARTESIAN_POINT ( 'NONE',  ( -275.2096067850756640, 18.33248970715619208, -12.32509868668685726 ) ) ;
#505 = EDGE_LOOP ( 'NONE', ( #427, #453, #156, #833 ) ) ;
#506 = CARTESIAN_POINT ( 'NONE',  ( -253.8016408537512234, 4.510442963704904606, 2.162339378697199610 ) ) ;
#507 = DIRECTION ( 'NONE',  ( 1.000000000000000000, 2.918785349317743680E-29, -3.983747571366109617E-29 ) ) ;
#508 = AXIS2_PLACEMENT_3D ( 'NONE', #39, #146, #646 ) ;
#509 = ORIENTED_EDGE ( 'NONE', *, *, #488, .T. ) ;
#510 = CARTESIAN_POINT ( 'NONE',  ( -275.4033508688919483, 18.27859024746017624, -12.26497955965924191 ) ) ;
#511 = CARTESIAN_POINT ( 'NONE',  ( -275.0000000000022169, 15.46510685857310463, -12.46918080117711014 ) ) ;
#512 = DIRECTION ( 'NONE',  ( 3.483902980920037357E-15, 0.5912510568824423940, -0.8064875620463064498 ) ) ;
#513 = CARTESIAN_POINT ( 'NONE',  ( -253.3608762880941754, -4.198722958475042510, -2.807942228229418635 ) ) ;
#514 = PERSON_AND_ORGANIZATION_ROLE ( 'creator' ) ;
#515 = DESIGN_CONTEXT ( 'detailed design', #417, 'design' ) ;
#516 = PRODUCT ( 'pendulumAssembly_Default_sldprt', 'pendulumAssembly_Default_sldprt', '', ( #919 ) ) ;
#517 = CARTESIAN_POINT ( 'NONE',  ( -254.3341617514317647, 3.086510219228977725, 3.933825317305214231 ) ) ;
#518 = AXIS2_PLACEMENT_3D ( 'NONE', #466, #561, #665 ) ;
#519 = DIRECTION ( 'NONE',  ( 0.0000000000000000000, 0.5912510568824423940, -0.8064875620463062278 ) ) ;
#520 = ADVANCED_FACE ( 'NONE', ( #354, #885 ), #822, .F. ) ;
#521 = CARTESIAN_POINT ( 'NONE',  ( -256.3180756579316153, 3.391088611949264475, 3.745315810852206884 ) ) ;
#522 = COORDINATED_UNIVERSAL_TIME_OFFSET ( 1, 0, .AHEAD. ) ;
#523 = ORIENTED_EDGE ( 'NONE', *, *, #1146, .F. ) ;
#524 = CARTESIAN_POINT ( 'NONE',  ( -253.4348476706155679, -4.366227544661125393, -2.539448727098915448 ) ) ;
#525 = CARTESIAN_POINT ( 'NONE',  ( -253.9933842867966973, -5.180013136746160818, -5.424128770737167038 ) ) ;
#526 = ADVANCED_FACE ( 'NONE', ( #933, #83 ), #884, .F. ) ;
#527 = EDGE_LOOP ( 'NONE', ( #706, #429, #398, #303 ) ) ;
#528 = ORIENTED_EDGE ( 'NONE', *, *, #1114, .F. ) ;
#529 = CARTESIAN_POINT ( 'NONE',  ( -254.8921266766159306, -6.876028094605898033, -2.995035499320529482 ) ) ;
#530 = ADVANCED_FACE ( 'NONE', ( #47 ), #550, .F. ) ;
#531 = CARTESIAN_POINT ( 'NONE',  ( -254.7823186873191048, -2.883149065271023215, -4.146136996474208303 ) ) ;
#532 = CARTESIAN_POINT ( 'NONE',  ( -254.1714916449796533, -6.783794045032473186, -3.199035297374169584 ) ) ;
#533 = EDGE_LOOP ( 'NONE', ( #1250, #758, #383, #794 ) ) ;
#534 = DIRECTION ( 'NONE',  ( 3.505937367809556524E-15, 0.5912510568824423940, -0.8064875620463064498 ) ) ;
#535 = DIRECTION ( 'NONE',  ( 0.0000000000000000000, 0.0000000000000000000, -1.000000000000000000 ) ) ;
#536 = CIRCLE ( 'NONE', #212, 5.000000000000000000 ) ;
#537 = CARTESIAN_POINT ( 'NONE',  ( -275.0000000000014211, 17.40067700748672763, -11.05017826466481878 ) ) ;
#538 = CARTESIAN_POINT ( 'NONE',  ( -270.0000000000000000, -6.938893903907228378E-15, 3.469446951953614189E-15 ) ) ;
#539 = ORIENTED_EDGE ( 'NONE', *, *, #204, .T. ) ;
#540 = CARTESIAN_POINT ( 'NONE',  ( -20.00000000000000000, -3.941753034598622030, 3.076131176369537368 ) ) ;
#541 = VERTEX_POINT ( 'NONE', #1217 ) ;
#542 = CARTESIAN_POINT ( 'NONE',  ( -254.6093029069374438, -3.000565210151979745, -3.999626986891527736 ) ) ;
#543 = AXIS2_PLACEMENT_3D ( 'NONE', #674, #583, #490 ) ;
#544 = DIRECTION ( 'NONE',  ( 1.000000000000000000, -1.850371707708592393E-15, 2.775557561562888590E-15 ) ) ;
#545 = CARTESIAN_POINT ( 'NONE',  ( -274.5969116118506008, 5.371350615636496073, -19.99440888877848010 ) ) ;
#546 = ORGANIZATION ( 'UNSPECIFIED', 'UNSPECIFIED', '' ) ;
#547 = EDGE_LOOP ( 'NONE', ( #1288, #35 ) ) ;
#548 = CARTESIAN_POINT ( 'NONE',  ( -274.9999999999998295, 5.303363576790910194, -19.91894411790234898 ) ) ;
#549 = DIRECTION ( 'NONE',  ( 1.000000000000000000, 0.0000000000000000000, 0.0000000000000000000 ) ) ;
#550 = CYLINDRICAL_SURFACE ( 'NONE', #595, 1.649999999999998357 ) ;
#551 = EDGE_LOOP ( 'NONE', ( #266, #386, #1212, #528 ) ) ;
#552 = ORIENTED_EDGE ( 'NONE', *, *, #1231, .T. ) ;
#553 = CARTESIAN_POINT ( 'NONE',  ( -256.4903331632354480, 4.146271399549668502, 2.796034313625217926 ) ) ;
#554 = EDGE_CURVE ( 'NONE', #1092, #1070, #653, .T. ) ;
#555 = CARTESIAN_POINT ( 'NONE',  ( -256.3099242264530062, -3.541446913404295849, -3.534275792965937857 ) ) ;
#556 = CARTESIAN_POINT ( 'NONE',  ( -255.0000000000007390, -4.824800198770855530, -1.491242113788343593 ) ) ;
#557 = DIRECTION ( 'NONE',  ( 1.000000000000000000, 0.0000000000000000000, 0.0000000000000000000 ) ) ;
#558 = CARTESIAN_POINT ( 'NONE',  ( -255.4300418143885452, -4.965996087578573359, -5.620441087425592563 ) ) ;
#559 = CARTESIAN_POINT ( 'NONE',  ( -255.9921513029944720, 4.596307419072187983, 1.969494779106581328 ) ) ;
#560 = EDGE_LOOP ( 'NONE', ( #873, #658, #839, #935 ) ) ;
#561 = DIRECTION ( 'NONE',  ( 0.0000000000000000000, -0.8064875620463064498, -0.5912510568824423940 ) ) ;
#562 = EDGE_CURVE ( 'NONE', #1016, #1044, #856, .T. ) ;
#563 = CARTESIAN_POINT ( 'NONE',  ( -255.4850748173313946, -4.707080418343632999, -1.686689329936714499 ) ) ;
#564 = LINE ( 'NONE', #982, #1150 ) ;
#565 = CARTESIAN_POINT ( 'NONE',  ( -275.6990634610199322, 7.988806609766118783, -19.44165246406985048 ) ) ;
#566 = VERTEX_POINT ( 'NONE', #537 ) ;
#567 = CARTESIAN_POINT ( 'NONE',  ( -255.0997323082385151, -2.959823919132114067, -4.029819148266264861 ) ) ;
#568 = CARTESIAN_POINT ( 'NONE',  ( -275.4024616241317744, 7.310618192823661765, -18.57236919325841740 ) ) ;
#569 = CARTESIAN_POINT ( 'NONE',  ( -265.0000000000007390, 1.092875789865388469E-13, -2.046973701652632371E-13 ) ) ;
#570 = AXIS2_PLACEMENT_3D ( 'NONE', #1086, #55, #753 ) ;
#571 = CARTESIAN_POINT ( 'NONE',  ( -253.4034474325302995, 3.804418289451738655, 3.322673594406600373 ) ) ;
#572 = CARTESIAN_POINT ( 'NONE',  ( -255.0000000000007390, 2.873671711058807254, 4.152651068541026724 ) ) ;
#573 = CARTESIAN_POINT ( 'NONE',  ( -256.0066157132047806, 6.731224313148289617, 3.308221314314061967 ) ) ;
#574 = APPROVAL_DATE_TIME ( #995, #1202 ) ;
#575 = ORIENTED_EDGE ( 'NONE', *, *, #301, .T. ) ;
#576 = CARTESIAN_POINT ( 'NONE',  ( -274.9999999999998295, 5.303363576790910194, -19.91894411790234898 ) ) ;
#577 = AXIS2_PLACEMENT_3D ( 'NONE', #757, #73, #1081 ) ;
#578 = VECTOR ( 'NONE', #938, 1000.000000000000000 ) ;
#579 = CYLINDRICAL_SURFACE ( 'NONE', #71, 5.049999999999569944 ) ;
#580 = CARTESIAN_POINT ( 'NONE',  ( -255.0000000000007390, 2.873671711058807254, 4.152651068541026724 ) ) ;
#581 = ORIENTED_EDGE ( 'NONE', *, *, #562, .F. ) ;
#582 = CARTESIAN_POINT ( 'NONE',  ( -274.3605235485289313, 8.034771719782584753, -19.51833526759768134 ) ) ;
#583 = DIRECTION ( 'NONE',  ( 1.000000000000000000, 0.0000000000000000000, 0.0000000000000000000 ) ) ;
#584 = PERSON ( 'UNSPECIFIED', 'UNSPECIFIED', 'UNSPECIFIED', ('UNSPECIFIED'), ('UNSPECIFIED'), ('UNSPECIFIED') ) ;
#585 = DIRECTION ( 'NONE',  ( -0.0000000000000000000, -0.8064875620463064498, -0.5912510568824423940 ) ) ;
#586 = EDGE_CURVE ( 'NONE', #289, #1233, #1035, .T. ) ;
#587 = CARTESIAN_POINT ( 'NONE',  ( -255.8284716053088630, -3.060098174810059746, -4.017728877051959913 ) ) ;
#588 = CARTESIAN_POINT ( 'NONE',  ( -245.0000000000006821, 1.092875789865388469E-13, -2.046973701652632371E-13 ) ) ;
#589 = DIRECTION ( 'NONE',  ( -1.000000000000000000, -0.0000000000000000000, -0.0000000000000000000 ) ) ;
#590 = CLOSED_SHELL ( 'NONE', ( #23, #1015, #11, #1248 ) ) ;
#591 = CARTESIAN_POINT ( 'NONE',  ( -254.2658392200588082, 4.769694323461708407, 1.659641901349047100 ) ) ;
#592 = LINE ( 'NONE', #339, #80 ) ;
#593 = CARTESIAN_POINT ( 'NONE',  ( -254.5149251826687191, 3.024649158446677699, 3.981585667643504856 ) ) ;
#594 = DIRECTION ( 'NONE',  ( -1.000000000000000000, -0.0000000000000000000, -0.0000000000000000000 ) ) ;
#595 = AXIS2_PLACEMENT_3D ( 'NONE', #1232, #10, #407 ) ;
#596 = CIRCLE ( 'NONE', #88, 5.000000000000000000 ) ;
#597 = ORIENTED_EDGE ( 'NONE', *, *, #488, .F. ) ;
#598 = LINE ( 'NONE', #729, #452 ) ;
#599 = ORIENTED_EDGE ( 'NONE', *, *, #346, .T. ) ;
#600 = CARTESIAN_POINT ( 'NONE',  ( -253.4999572381340727, 3.974599783316040913, 3.035170116506312521 ) ) ;
#601 = CARTESIAN_POINT ( 'NONE',  ( -275.4921436894621820, 16.29731171596374395, -13.64367827731773275 ) ) ;
#602 =( NAMED_UNIT ( * ) SI_UNIT ( $, .STERADIAN. ) SOLID_ANGLE_UNIT ( ) );
#603 =( BOUNDED_CURVE ( )  B_SPLINE_CURVE ( 3, ( #367, #455, #388, #75 ),
 .UNSPECIFIED., .F., .T. ) 
 B_SPLINE_CURVE_WITH_KNOTS ( ( 4, 4 ),
 ( 5.782411586589372183E-17, 3.141592653589793116 ),
 .UNSPECIFIED. ) 
 CURVE ( )  GEOMETRIC_REPRESENTATION_ITEM ( )  RATIONAL_B_SPLINE_CURVE ( ( 1.000000000000000000, 0.3333333333333333703, 0.3333333333333333703, 1.000000000000000000 ) ) 
 REPRESENTATION_ITEM ( '' )  );
#604 = B_SPLINE_CURVE_WITH_KNOTS ( 'NONE', 3,
 ( #684, #200, #1302, #390, #89, #190, #81, #382, #1109, #990, #1105, #475, #1197, #668, #886, #484, #986, #92, #1207, #900, #1201, #1115, #1299, #74, #1100, #288 ),
 .UNSPECIFIED., .F., .F.,
 ( 4, 2, 2, 2, 2, 2, 2, 2, 2, 2, 2, 2, 4 ),
 ( 0.005174489742639684121, 0.005821129615475375933, 0.006144449551893221839, 0.006467769488311067745, 0.006791089424728913651, 0.007114409361146760424, 0.007761049233982453971, 0.008084369170400299009, 0.008407689106818145783, 0.009054328979653773410, 0.009700968852489402772, 0.01002428878890729291, 0.01034760872532518132 ),
 .UNSPECIFIED. ) ;
#605 = DIRECTION ( 'NONE',  ( 1.000000000000000000, -2.072889174081048630E-15, 2.827494880451774358E-15 ) ) ;
#606 = AXIS2_PLACEMENT_3D ( 'NONE', #628, #1143, #731 ) ;
#607 = DIRECTION ( 'NONE',  ( 0.0000000000000000000, -0.5912510568824422830, 0.8064875620463064498 ) ) ;
#608 = DIRECTION ( 'NONE',  ( 0.0000000000000000000, -0.8064875620463064498, -0.5912510568824423940 ) ) ;
#609 = AXIS2_PLACEMENT_3D ( 'NONE', #136, #830, #1256 ) ;
#610 = PERSON_AND_ORGANIZATION_ROLE ( 'classification_officer' ) ;
#611 = CARTESIAN_POINT ( 'NONE',  ( -20.00000000000000000, 3.941753034598608707, -3.076131176369529818 ) ) ;
#612 = DIRECTION ( 'NONE',  ( 1.000000000000000000, -1.850371707708592393E-15, 2.775557561562888590E-15 ) ) ;
#613 = CARTESIAN_POINT ( 'NONE',  ( -255.0000000000007390, 8.064875620463070049, 5.912510568824361989 ) ) ;
#614 = CARTESIAN_POINT ( 'NONE',  ( -253.6819243420699195, -4.591997425422800205, -2.107233290839560791 ) ) ;
#615 = FACE_OUTER_BOUND ( 'NONE', #331, .T. ) ;
#616 = ADVANCED_FACE ( 'NONE', ( #116 ), #1247, .F. ) ;
#617 = CARTESIAN_POINT ( 'NONE',  ( -255.4334115163929937, -6.858508696768073065, -3.036105641117156306 ) ) ;
#618 = ADVANCED_FACE ( 'NONE', ( #764, #948 ), #1135, .T. ) ;
#619 = CARTESIAN_POINT ( 'NONE',  ( -256.4398084102695634, 3.526526230801604989, 3.620370696595510918 ) ) ;
#620 = CARTESIAN_POINT ( 'NONE',  ( -280.1000000000006480, 17.73753170647338706, -24.19462686138940910 ) ) ;
#621 = CARTESIAN_POINT ( 'NONE',  ( -275.0000000000022169, 15.46510685857310463, -12.46918080117711014 ) ) ;
#622 = CARTESIAN_POINT ( 'NONE',  ( -255.2176288112227382, 2.883097664585495323, 4.146173914702297125 ) ) ;
#623 = CARTESIAN_POINT ( 'NONE',  ( -253.5589023612469646, -6.505575192953860331, -3.737359999967317492 ) ) ;
#624 = CC_DESIGN_APPROVAL ( #1202, ( #752 ) ) ;
#625 = ORIENTED_EDGE ( 'NONE', *, *, #337, .F. ) ;
#626 = FACE_BOUND ( 'NONE', #50, .T. ) ;
#627 = CARTESIAN_POINT ( 'NONE',  ( -256.4406722382695989, 4.512506123019697668, 2.275906351638539160 ) ) ;
#628 = CARTESIAN_POINT ( 'NONE',  ( 0.0000000000000000000, 0.0000000000000000000, 0.0000000000000000000 ) ) ;
#629 = ORIENTED_EDGE ( 'NONE', *, *, #130, .T. ) ;
#630 = EDGE_CURVE ( 'NONE', #541, #1000, #1182, .T. ) ;
#631 = EDGE_LOOP ( 'NONE', ( #539, #422, #370, #98 ) ) ;
#632 = CARTESIAN_POINT ( 'NONE',  ( -254.5689105216166865, -4.807827321971913648, -1.545252962008857756 ) ) ;
#633 = CARTESIAN_POINT ( 'NONE',  ( -275.0000000000007390, -4.936946324968305433, 6.734171143086477684 ) ) ;
#634 = CARTESIAN_POINT ( 'NONE',  ( -274.3595566396728032, 5.507906345821149685, -20.15224927940992572 ) ) ;
#635 = DIRECTION ( 'NONE',  ( 0.0000000000000000000, -0.7883506069197230293, 0.6152262352739067408 ) ) ;
#636 = CARTESIAN_POINT ( 'NONE',  ( -253.4343586818858398, -6.348503562348449591, -3.994570641380926990 ) ) ;
#637 = CARTESIAN_POINT ( 'NONE',  ( -255.0000000000007390, -6.876028094605894481, -2.995035499320531258 ) ) ;
#638 = PERSON_AND_ORGANIZATION ( #584, #546 ) ;
#639 = CARTESIAN_POINT ( 'NONE',  ( -20.00000000000000000, -3.941753034598622030, 3.076131176369537368 ) ) ;
#640 = CARTESIAN_POINT ( 'NONE',  ( -254.3327164560166409, -3.087090256613493899, -3.933371413010573470 ) ) ;
#641 = CARTESIAN_POINT ( 'NONE',  ( -275.0000000000006821, 5.912510568824528079, -8.064875620463265449 ) ) ;
#642 = VERTEX_POINT ( 'NONE', #1029 ) ;
#643 = EDGE_CURVE ( 'NONE', #1264, #887, #1296, .T. ) ;
#644 = CARTESIAN_POINT ( 'NONE',  ( -253.6900889129530867, -3.541363395512240331, -3.534380784157248989 ) ) ;
#645 = CC_DESIGN_DATE_AND_TIME_ASSIGNMENT ( #955, #15, ( #752 ) ) ;
#646 = DIRECTION ( 'NONE',  ( 0.0000000000000000000, 0.5912510568824423940, -0.8064875620463063388 ) ) ;
#647 = CARTESIAN_POINT ( 'NONE',  ( -256.4310400804037613, -6.501846852424296053, -3.739527930736647132 ) ) ;
#648 = CARTESIAN_POINT ( 'NONE',  ( -256.4226250831033553, 4.301108609701238983, 2.551223291712692465 ) ) ;
#649 = PERSON_AND_ORGANIZATION ( #584, #546 ) ;
#650 = EDGE_LOOP ( 'NONE', ( #91, #1165, #581, #1277 ) ) ;
#651 = CARTESIAN_POINT ( 'NONE',  ( -255.1093521100123382, -4.924899606893896831, -5.656444454073387362 ) ) ;
#652 = VECTOR ( 'NONE', #972, 1000.000000000000114 ) ;
#653 = LINE ( 'NONE', #703, #158 ) ;
#654 = CARTESIAN_POINT ( 'NONE',  ( -265.0000000000007390, -2.985817837255970275, 4.072762188333295619 ) ) ;
#655 = EDGE_LOOP ( 'NONE', ( #827, #509 ) ) ;
#656 = VERTEX_POINT ( 'NONE', #714 ) ;
#657 = CARTESIAN_POINT ( 'NONE',  ( -275.6991173662351571, 6.040758556643330834, -20.86973001318397891 ) ) ;
#658 = ORIENTED_EDGE ( 'NONE', *, *, #786, .T. ) ;
#659 = CARTESIAN_POINT ( 'NONE',  ( -275.0000000000006821, 5.912510568824528079, -8.064875620463265449 ) ) ;
#660 = CARTESIAN_POINT ( 'NONE',  ( -255.1978153091209549, -4.730286378718921547, -1.620124375849300025 ) ) ;
#661 = CARTESIAN_POINT ( 'NONE',  ( -256.4229726676608720, 3.727538023012549218, 3.333756580188246055 ) ) ;
#662 = CARTESIAN_POINT ( 'NONE',  ( -255.8275028119287242, 6.784060164461097386, 3.198474121104094348 ) ) ;
#663 = CARTESIAN_POINT ( 'NONE',  ( -256.5654588353419854, -5.719144609609747576, -4.852976059307253287 ) ) ;
#664 = DATE_AND_TIME ( #172, #1159 ) ;
#665 = DIRECTION ( 'NONE',  ( 0.0000000000000000000, 0.5912510568824421719, -0.8064875620463065609 ) ) ;
#666 = AXIS2_PLACEMENT_3D ( 'NONE', #129, #1157, #1040 ) ;
#667 = CYLINDRICAL_SURFACE ( 'NONE', #508, 7.500000000000002665 ) ;
#668 = CARTESIAN_POINT ( 'NONE',  ( -253.3499540631166553, 6.112632925623061375, 4.347134183228894777 ) ) ;
#669 = AXIS2_PLACEMENT_3D ( 'NONE', #1106, #781, #1110 ) ;
#670 = EDGE_LOOP ( 'NONE', ( #45, #17 ) ) ;
#671 = CARTESIAN_POINT ( 'NONE',  ( -256.6393364070258372, -3.941903239030779549, -3.158370242014725271 ) ) ;
#672 = CARTESIAN_POINT ( 'NONE',  ( -274.3597670454707327, 7.453641539857402520, -18.72551281576892990 ) ) ;
#673 = ORIENTED_EDGE ( 'NONE', *, *, #281, .F. ) ;
#674 = CARTESIAN_POINT ( 'NONE',  ( -20.00000000000000000, 0.0000000000000000000, 0.0000000000000000000 ) ) ;
#675 = CARTESIAN_POINT ( 'NONE',  ( -274.3609079134438957, 17.56085364440260932, -11.31418269596106718 ) ) ;
#676 = EDGE_CURVE ( 'NONE', #209, #483, #177, .T. ) ;
#677 = CARTESIAN_POINT ( 'NONE',  ( -275.0000000000006821, 5.912510568824528079, -8.064875620463265449 ) ) ;
#678 = CARTESIAN_POINT ( 'NONE',  ( -274.5968821257183663, 7.310825511723277437, -18.57258074250655966 ) ) ;
#679 = CARTESIAN_POINT ( 'NONE',  ( -253.3499887729738305, 4.008585176620630186, 3.073363777935034236 ) ) ;
#680 = ORIENTED_EDGE ( 'NONE', *, *, #630, .T. ) ;
#681 = CARTESIAN_POINT ( 'NONE',  ( -275.0000000000006253, 18.34667869850220612, -12.34055836394505690 ) ) ;
#682 = CARTESIAN_POINT ( 'NONE',  ( -255.4296537702719263, 4.965931415073500332, 5.620497970818213673 ) ) ;
#683 = FACE_OUTER_BOUND ( 'NONE', #404, .T. ) ;
#684 = CARTESIAN_POINT ( 'NONE',  ( -255.0000000000007390, 4.924899606893847981, 5.656444454073214168 ) ) ;
#685 = PRODUCT_DEFINITION_FORMATION_WITH_SPECIFIED_SOURCE ( 'ANY', '', #516, .NOT_KNOWN. ) ;
#686 = VERTEX_POINT ( 'NONE', #438 ) ;
#687 = DIRECTION ( 'NONE',  ( 0.0000000000000000000, 0.7883506069197230293, -0.6152262352739067408 ) ) ;
#688 = DIRECTION ( 'NONE',  ( 1.000000000000000000, 0.0000000000000000000, 0.0000000000000000000 ) ) ;
#689 = ORIENTED_EDGE ( 'NONE', *, *, #250, .T. ) ;
#690 = CARTESIAN_POINT ( 'NONE',  ( -275.8000379857474513, 17.77758784031735217, -11.63667480400017418 ) ) ;
#691 = DIRECTION ( 'NONE',  ( 1.000000000000000000, 2.918785349317743680E-29, -3.983747571366109617E-29 ) ) ;
#692 = EDGE_CURVE ( 'NONE', #135, #775, #1305, .T. ) ;
#693 = DIRECTION ( 'NONE',  ( -1.000000000000000000, -0.0000000000000000000, 0.0000000000000000000 ) ) ;
#694 = ADVANCED_FACE ( 'NONE', ( #256 ), #412, .F. ) ;
#695 = DIRECTION ( 'NONE',  ( 1.000000000000000000, 2.918785349317743680E-29, -3.983747571366109617E-29 ) ) ;
#696 = CARTESIAN_POINT ( 'NONE',  ( -254.6098305506986321, 4.717084212898972062, 1.658168101469144062 ) ) ;
#697 = CARTESIAN_POINT ( 'NONE',  ( -275.2095082176946903, 15.47470181702061964, -12.48798934369752800 ) ) ;
#698 = PERSON_AND_ORGANIZATION ( #584, #546 ) ;
#699 = ORIENTED_EDGE ( 'NONE', *, *, #185, .T. ) ;
#700 = CARTESIAN_POINT ( 'NONE',  ( -275.7999238693232087, 17.96284899182038330, -11.88935692679152467 ) ) ;
#701 = B_SPLINE_CURVE_WITH_KNOTS ( 'NONE', 3,
 ( #580, #1307, #284, #994, #784, #399, #179, #774, #195, #494, #571, #186, #679, #879, #894, #279, #387, #479, #84, #780, #307, #315, #591, #909, #1018, #104, #711, #1313 ),
 .UNSPECIFIED., .F., .F.,
 ( 4, 2, 2, 2, 2, 2, 2, 2, 2, 2, 2, 2, 2, 4 ),
 ( 0.005194445986947823606, 0.005843579245466992006, 0.006168145874726576640, 0.006492712503986160406, 0.007141845762505213448, 0.007466412391764772061, 0.007790979021024331541, 0.008115545650283889287, 0.008440112279543448767, 0.009089245538062503543, 0.009413812167322089045, 0.009738378796581674546, 0.01006294542584126005, 0.01038751205510084555 ),
 .UNSPECIFIED. ) ;
#702 = CARTESIAN_POINT ( 'NONE',  ( -274.7903932149256434, 6.238890465441658151, -21.19114159878555981 ) ) ;
#703 = CARTESIAN_POINT ( 'NONE',  ( -20.00000000000000000, 3.941753034598608707, -3.076131176369529818 ) ) ;
#704 = DIRECTION ( 'NONE',  ( 0.0000000000000000000, -0.8064875620463064498, -0.5912510568824423940 ) ) ;
#705 = AXIS2_PLACEMENT_3D ( 'NONE', #138, #1269, #841 ) ;
#706 = ORIENTED_EDGE ( 'NONE', *, *, #368, .F. ) ;
#707 = CARTESIAN_POINT ( 'NONE',  ( -275.7792938205092241, 17.71742581654564574, -11.55071274817398574 ) ) ;
#708 = CARTESIAN_POINT ( 'NONE',  ( -265.0000000000007390, 1.092875789865388469E-13, -2.046973701652632371E-13 ) ) ;
#709 = DIRECTION ( 'NONE',  ( 1.000000000000000000, 2.958228394578794270E-29, -4.023190616627160208E-29 ) ) ;
#710 = CARTESIAN_POINT ( 'NONE',  ( -255.8292023721334090, 3.060453192854153404, 4.017458564511389163 ) ) ;
#711 = CARTESIAN_POINT ( 'NONE',  ( -254.8901892157165321, 4.824800198770960336, 1.491242113788292745 ) ) ;
#712 = EDGE_CURVE ( 'NONE', #448, #482, #271, .T. ) ;
#713 = CARTESIAN_POINT ( 'NONE',  ( -255.0000000000007390, -4.824800198770855530, -1.491242113788343593 ) ) ;
#714 = CARTESIAN_POINT ( 'NONE',  ( -275.0000000000006253, 6.249365267807605484, -21.20932421718169536 ) ) ;
#715 = CARTESIAN_POINT ( 'NONE',  ( -253.4030763576480183, -6.292984036636932288, -4.081617002751383616 ) ) ;
#716 = ADVANCED_FACE ( 'NONE', ( #683 ), #741, .T. ) ;
#717 = ORIENTED_EDGE ( 'NONE', *, *, #1027, .T. ) ;
#718 = CALENDAR_DATE ( 2020, 6, 4 ) ;
#719 = ORIENTED_EDGE ( 'NONE', *, *, #947, .T. ) ;
#720 = CARTESIAN_POINT ( 'NONE',  ( -253.3937368349583039, -5.783885910998487034, -4.778736611736032813 ) ) ;
#721 = LINE ( 'NONE', #1210, #428 ) ;
#722 = ADVANCED_FACE ( 'NONE', ( #352, #865 ), #978, .T. ) ;
#723 = ORIENTED_EDGE ( 'NONE', *, *, #130, .F. ) ;
#724 = ORIENTED_EDGE ( 'NONE', *, *, #434, .T. ) ;
#725 = CARTESIAN_POINT ( 'NONE',  ( -253.9925746980050008, -3.158180513127549549, -3.941099255072905372 ) ) ;
#726 = CARTESIAN_POINT ( 'NONE',  ( -255.0000000000007390, -4.924899606893901272, -5.656444454073386474 ) ) ;
#727 = EDGE_LOOP ( 'NONE', ( #1124, #937, #416, #1272 ) ) ;
#728 = CARTESIAN_POINT ( 'NONE',  ( -275.0000000000006253, 8.184935416718742474, -19.79032168066382980 ) ) ;
#729 = CARTESIAN_POINT ( 'NONE',  ( -255.0000000000000000, -4.919314395555197450, -1.746523941342754904 ) ) ;
#730 = DIRECTION ( 'NONE',  ( 1.000000000000000000, 0.0000000000000000000, 0.0000000000000000000 ) ) ;
#731 = DIRECTION ( 'NONE',  ( 0.0000000000000000000, 0.0000000000000000000, 1.000000000000000000 ) ) ;
#732 = ORIENTED_EDGE ( 'NONE', *, *, #735, .T. ) ;
#733 = CARTESIAN_POINT ( 'NONE',  ( -253.5485173360440001, -4.251972690618801565, -2.632490068075919787 ) ) ;
#734 = EDGE_LOOP ( 'NONE', ( #680, #871 ) ) ;
#735 = EDGE_CURVE ( 'NONE', #498, #1233, #592, .T. ) ;
#736 = VECTOR ( 'NONE', #1053, 1000.000000000000114 ) ;
#737 = EDGE_LOOP ( 'NONE', ( #356, #1061, #599, #1147 ) ) ;
#738 = CARTESIAN_POINT ( 'NONE',  ( -254.5135562878926407, -3.025033515259836214, -3.981294909539041083 ) ) ;
#739 = CARTESIAN_POINT ( 'NONE',  ( -269.9000000000007162, 5.912510568824518309, -8.064875620463251238 ) ) ;
#740 = CARTESIAN_POINT ( 'NONE',  ( -255.0000000000000000, -2.959823919132114511, -4.029819148266262197 ) ) ;
#741 = PLANE ( 'NONE',  #470 ) ;
#742 = CARTESIAN_POINT ( 'NONE',  ( -254.3339832407767176, -4.680111494113027071, -1.760137704579579410 ) ) ;
#743 = CARTESIAN_POINT ( 'NONE',  ( -255.3948414207883388, 2.993749114601102601, 4.005443743765608744 ) ) ;
#744 = APPROVAL_PERSON_ORGANIZATION ( #861, #1202, #1133 ) ;
#745 = EDGE_LOOP ( 'NONE', ( #1023, #1021, #217, #119 ) ) ;
#746 = ORIENTED_EDGE ( 'NONE', *, *, #1048, .T. ) ;
#747 = CARTESIAN_POINT ( 'NONE',  ( -275.2088729889237015, 5.303363576795489642, -19.91894411790737252 ) ) ;
#748 = B_SPLINE_CURVE_WITH_KNOTS ( 'NONE', 3,
 ( #713, #121, #1020, #823, #1038, #100, #797, #208, #311, #105, #1185, #1199, #197, #296, #671, #981, #1303, #1097, #892, #392, #486, #587, #1004, #1311, #86, #473, #78, #777 ),
 .UNSPECIFIED., .F., .F.,
 ( 4, 2, 2, 2, 2, 2, 2, 2, 2, 2, 2, 2, 2, 4 ),
 ( 0.005194445986947762023, 0.005843579245466945168, 0.006168145874726537609, 0.006492712503986129181, 0.007141845762505196968, 0.007466412391764763387, 0.007790979021024329806, 0.008115545650283894491, 0.008440112279543460910, 0.009089245538062526095, 0.009413812167322118535, 0.009738378796581709240, 0.01006294542584129995, 0.01038751205510089065 ),
 .UNSPECIFIED. ) ;
#749 = CARTESIAN_POINT ( 'NONE',  ( -256.4414832954017811, 6.504957825094742851, 3.738339675515190308 ) ) ;
#750 = EDGE_LOOP ( 'NONE', ( #247, #1246 ) ) ;
#751 = CARTESIAN_POINT ( 'NONE',  ( -256.4599514400927660, -3.788410602181523590, -3.268164122329912935 ) ) ;
#752 = PRODUCT_DEFINITION ( 'UNKNOWN', '', #685, #515 ) ;
#753 = DIRECTION ( 'NONE',  ( 1.000000000000000000, -2.081668171172166541E-15, 2.775557561562888590E-15 ) ) ;
#754 = CARTESIAN_POINT ( 'NONE',  ( -256.5656413181156950, 5.719426742705603139, 4.852653895030669240 ) ) ;
#755 = CARTESIAN_POINT ( 'NONE',  ( -255.3901694493014247, -3.000458811215350075, -3.999706470043862705 ) ) ;
#756 = CARTESIAN_POINT ( 'NONE',  ( -256.1988156076088785, 3.419365874525230886, 3.650751614104418952 ) ) ;
#757 = CARTESIAN_POINT ( 'NONE',  ( -265.0000000000007390, 1.092875789865388469E-13, -2.046973701652632371E-13 ) ) ;
#758 = ORIENTED_EDGE ( 'NONE', *, *, #643, .F. ) ;
#759 = CARTESIAN_POINT ( 'NONE',  ( -256.6500459368848510, -5.984696805981417178, -4.521643620508483785 ) ) ;
#760 = LINE ( 'NONE', #788, #396 ) ;
#761 = CARTESIAN_POINT ( 'NONE',  ( -275.4915412868352291, 7.352400937441729845, -18.61547617369612695 ) ) ;
#762 = CYLINDRICAL_SURFACE ( 'NONE', #669, 5.000000000000000000 ) ;
#763 = CARTESIAN_POINT ( 'NONE',  ( -256.0899060377365686, 5.230033588981217285, 5.376128526430089316 ) ) ;
#764 = FACE_OUTER_BOUND ( 'NONE', #967, .T. ) ;
#765 = ORIENTED_EDGE ( 'NONE', *, *, #1173, .F. ) ;
#766 = CARTESIAN_POINT ( 'NONE',  ( -274.9999999999998295, 5.303363576790910194, -19.91894411790234898 ) ) ;
#767 = ORIENTED_EDGE ( 'NONE', *, *, #1200, .T. ) ;
#768 = DIRECTION ( 'NONE',  ( 0.0000000000000000000, 0.5912510568824423940, -0.8064875620463062278 ) ) ;
#769 = CARTESIAN_POINT ( 'NONE',  ( -265.0000000000007390, 2.985817837256187435, -4.072762188333705069 ) ) ;
#770 = AXIS2_PLACEMENT_3D ( 'NONE', #790, #283, #79 ) ;
#771 = CARTESIAN_POINT ( 'NONE',  ( -20.00000000000000000, 0.0000000000000000000, 10.00000000000000000 ) ) ;
#772 = CARTESIAN_POINT ( 'NONE',  ( -274.5975383758694193, 15.51261326561046339, -12.55933379935195049 ) ) ;
#773 = CARTESIAN_POINT ( 'NONE',  ( -274.5965085608270329, 8.137191483056632535, -19.69972484081870689 ) ) ;
#774 = CARTESIAN_POINT ( 'NONE',  ( -253.6810340699628910, 3.391889674078906847, 3.744609681736467799 ) ) ;
#775 = VERTEX_POINT ( 'NONE', #252 ) ;
#776 = CARTESIAN_POINT ( 'NONE',  ( -275.0000000000014211, 17.40067700748672763, -11.05017826466481878 ) ) ;
#777 = CARTESIAN_POINT ( 'NONE',  ( -255.0000000000007390, -2.873671711058898737, -4.152651068541224788 ) ) ;
#778 = EDGE_CURVE ( 'NONE', #1257, #181, #308, .T. ) ;
#779 = CYLINDRICAL_SURFACE ( 'NONE', #441, 5.099999999999993427 ) ;
#780 = CARTESIAN_POINT ( 'NONE',  ( -253.9089216281014103, 4.682641092015503936, 1.892461776277746255 ) ) ;
#781 = DIRECTION ( 'NONE',  ( -1.000000000000000000, -0.0000000000000000000, 0.0000000000000000000 ) ) ;
#782 = FACE_OUTER_BOUND ( 'NONE', #949, .T. ) ;
#783 = ORIENTED_EDGE ( 'NONE', *, *, #4, .F. ) ;
#784 = CARTESIAN_POINT ( 'NONE',  ( -254.1703640404992086, 3.060663446479026550, 4.017298552304552572 ) ) ;
#785 = CARTESIAN_POINT ( 'NONE',  ( -275.0000000000006253, 16.41110854959106646, -13.75956090046292069 ) ) ;
#786 = EDGE_CURVE ( 'NONE', #887, #1091, #465, .T. ) ;
#787 = DIRECTION ( 'NONE',  ( 3.491481338843082868E-15, 0.5912510568824423940, -0.8064875620463064498 ) ) ;
#788 = CARTESIAN_POINT ( 'NONE',  ( 0.0000000000000000000, 1.224646799147353256E-15, -10.00000000000000000 ) ) ;
#789 = CARTESIAN_POINT ( 'NONE',  ( -254.6084752950806376, 3.000728763755811102, 3.999504857389637458 ) ) ;
#790 = CARTESIAN_POINT ( 'NONE',  ( -245.0000000000006821, 1.092875789865388469E-13, -2.046973701652632371E-13 ) ) ;
#791 = CARTESIAN_POINT ( 'NONE',  ( -275.0000000000006253, 18.34667869850220612, -12.34055836394505690 ) ) ;
#792 = MANIFOLD_SOLID_BREP ( 'Body-Move/Copy1[1]', #1057 ) ;
#793 = B_SPLINE_CURVE_WITH_KNOTS ( 'NONE', 3,
 ( #1287, #358, #743, #860, #1292, #1285, #60, #756, #170, #661, #374, #1076, #1168, #1280, #553, #167, #648, #464, #1275, #559, #1170, #154, #272, #857, #67, #974, #450, #854 ),
 .UNSPECIFIED., .F., .F.,
 ( 4, 2, 2, 2, 2, 2, 2, 2, 2, 2, 2, 2, 2, 4 ),
 ( 0.004716923349278724469, 0.005306377133062317383, 0.005601104024954114274, 0.005895830916845910298, 0.006485284700629504948, 0.006780011592521270614, 0.007074738484413034545, 0.007369465376304800211, 0.007664192268196564142, 0.008253646051980031290, 0.008548372943871824711, 0.008843099835763616398, 0.009137826727655408085, 0.009432553619547199772 ),
 .UNSPECIFIED. ) ;
#794 = ORIENTED_EDGE ( 'NONE', *, *, #40, .T. ) ;
#795 = CARTESIAN_POINT ( 'NONE',  ( -254.0843639755662764, 4.621256805053235439, 1.909749525792670655 ) ) ;
#796 = CARTESIAN_POINT ( 'NONE',  ( -275.6394764514724329, 16.19689828756775896, -13.53452821747218238 ) ) ;
#797 = CARTESIAN_POINT ( 'NONE',  ( -256.0903975555847296, -4.682906334296468742, -1.891829160263190479 ) ) ;
#798 = LINE ( 'NONE', #1001, #2 ) ;
#799 = LINE ( 'NONE', #109, #147 ) ;
#800 = DIRECTION ( 'NONE',  ( 0.0000000000000000000, -0.8064875620463064498, -0.5912510568824423940 ) ) ;
#801 = ORIENTED_EDGE ( 'NONE', *, *, #26, .T. ) ;
#802 = ORIENTED_EDGE ( 'NONE', *, *, #1099, .T. ) ;
#803 = CARTESIAN_POINT ( 'NONE',  ( -275.7792702858664029, 15.76626957806540119, -12.98098992252320727 ) ) ;
#804 = DIRECTION ( 'NONE',  ( 1.000000000000000000, -2.040851148208011154E-15, 2.721134864277347811E-15 ) ) ;
#805 = ORIENTED_EDGE ( 'NONE', *, *, #1064, .T. ) ;
#806 = PERSON_AND_ORGANIZATION_ROLE ( 'design_owner' ) ;
#807 = CARTESIAN_POINT ( 'NONE',  ( -254.3328995249192701, 4.679925602902342163, 1.760636061207870418 ) ) ;
#808 = EDGE_CURVE ( 'NONE', #34, #461, #46, .T. ) ;
#809 = CARTESIAN_POINT ( 'NONE',  ( -255.5347708624105678, 4.797613768824070313, 1.577117614762712172 ) ) ;
#810 = DIRECTION ( 'NONE',  ( -1.000000000000000000, -2.958228394578794270E-29, 4.023190616627160208E-29 ) ) ;
#811 = CARTESIAN_POINT ( 'NONE',  ( -254.1713480884064609, -3.060170695320803880, -4.017676294493452538 ) ) ;
#812 = ADVANCED_FACE ( 'NONE', ( #615 ), #1167, .F. ) ;
#813 = CARTESIAN_POINT ( 'NONE',  ( -275.1057966935387640, 18.34667869850220612, -12.34055836394505690 ) ) ;
#814 = CARTESIAN_POINT ( 'NONE',  ( -270.0000000000000000, 3.941753034598608707, -3.076131176369529818 ) ) ;
#815 = CARTESIAN_POINT ( 'NONE',  ( -275.7999605739891535, 15.94918063716938761, -13.23624770193841194 ) ) ;
#816 = CARTESIAN_POINT ( 'NONE',  ( -256.0899593392970814, 3.212722415666829701, 3.897051167760798851 ) ) ;
#817 = PERSON_AND_ORGANIZATION ( #584, #546 ) ;
#818 = ORIENTED_EDGE ( 'NONE', *, *, #114, .T. ) ;
#819 = APPROVAL_STATUS ( 'not_yet_approved' ) ;
#820 = EDGE_CURVE ( 'NONE', #904, #30, #242, .T. ) ;
#821 = VECTOR ( 'NONE', #142, 1000.000000000000114 ) ;
#822 = PLANE ( 'NONE',  #319 ) ;
#823 = CARTESIAN_POINT ( 'NONE',  ( -255.7331726963923870, -4.769857112441602709, -1.659170619131836499 ) ) ;
#824 = ADVANCED_FACE ( 'NONE', ( #175 ), #61, .F. ) ;
#825 = CARTESIAN_POINT ( 'NONE',  ( -256.6393053149958519, 4.198123544708448840, 2.808859157702529252 ) ) ;
#826 = CARTESIAN_POINT ( 'NONE',  ( -275.0000000000006253, 20.36289760361797008, -10.86243072173895108 ) ) ;
#827 = ORIENTED_EDGE ( 'NONE', *, *, #712, .T. ) ;
#828 = CARTESIAN_POINT ( 'NONE',  ( -253.3500856659209433, -5.920552011157325545, -4.609090443612035237 ) ) ;
#829 = ADVANCED_FACE ( 'NONE', ( #269, #1103 ), #667, .T. ) ;
#830 = DIRECTION ( 'NONE',  ( 0.0000000000000000000, -0.8064875620463064498, -0.5912510568824423940 ) ) ;
#831 = CARTESIAN_POINT ( 'NONE',  ( -253.5593277617318506, -3.528033086269970475, -3.618762740758774132 ) ) ;
#832 = CARTESIAN_POINT ( 'NONE',  ( -255.0000000000007390, -6.876028094605894481, -2.995035499320531258 ) ) ;
#833 = ORIENTED_EDGE ( 'NONE', *, *, #236, .T. ) ;
#834 = FACE_OUTER_BOUND ( 'NONE', #655, .T. ) ;
#835 = ORIENTED_EDGE ( 'NONE', *, *, #1184, .F. ) ;
#836 = FACE_BOUND ( 'NONE', #1294, .T. ) ;
#837 = CIRCLE ( 'NONE', #152, 10.00000000000000000 ) ;
#838 = CARTESIAN_POINT ( 'NONE',  ( -256.2421671871421722, -6.629869427086897637, -3.507242772325851909 ) ) ;
#839 = ORIENTED_EDGE ( 'NONE', *, *, #1146, .T. ) ;
#840 = AXIS2_PLACEMENT_3D ( 'NONE', #137, #151, #344 ) ;
#841 = DIRECTION ( 'NONE',  ( 0.0000000000000000000, 0.5912510568824423940, -0.8064875620463064498 ) ) ;
#842 = CARTESIAN_POINT ( 'NONE',  ( -253.9088523652129368, -5.230884852776108040, -5.375290016852901864 ) ) ;
#843 = EDGE_LOOP ( 'NONE', ( #717, #163 ) ) ;
#844 = DIRECTION ( 'NONE',  ( 0.0000000000000000000, -0.8064875620463064498, -0.5912510568824423940 ) ) ;
#845 = B_SPLINE_CURVE_WITH_KNOTS ( 'NONE', 3,
 ( #189, #1196, #481, #773, #397, #582, #890, #902, #184, #1009, #82, #389, #672, #1304, #678, #192, #414, #318 ),
 .UNSPECIFIED., .F., .F.,
 ( 4, 2, 2, 2, 2, 2, 2, 2, 4 ),
 ( 0.0000000000000000000, 0.0003131292624427115955, 0.0006262585248854231909, 0.0009393877873281348406, 0.001252517049770846382, 0.001565646312213557923, 0.001878775574656269681, 0.002191904837098981006, 0.002505034099541692764 ),
 .UNSPECIFIED. ) ;
#846 = CARTESIAN_POINT ( 'NONE',  ( -274.8955388796726993, 5.303363576795798728, -19.91894411790771358 ) ) ;
#847 = CALENDAR_DATE ( 2020, 6, 4 ) ;
#848 = CARTESIAN_POINT ( 'NONE',  ( -274.5089110646658810, 5.410462820558493924, -20.03844284683989940 ) ) ;
#849 = CIRCLE ( 'NONE', #973, 5.099999999999993427 ) ;
#850 = DIRECTION ( 'NONE',  ( -1.000000000000000000, -2.958228394578794270E-29, 4.023190616627160208E-29 ) ) ;
#851 = CIRCLE ( 'NONE', #166, 5.049999999999569944 ) ;
#852 = ORIENTED_EDGE ( 'NONE', *, *, #808, .F. ) ;
#853 = CARTESIAN_POINT ( 'NONE',  ( -253.5481923048715203, -3.790433837281991902, -3.262205653676817807 ) ) ;
#854 = CARTESIAN_POINT ( 'NONE',  ( -255.0000000000000000, 4.733577089779418934, 1.610356462127360944 ) ) ;
#855 = CARTESIAN_POINT ( 'NONE',  ( -255.0000000000000000, 2.959823919132100745, 4.029819148266268414 ) ) ;
#856 = B_SPLINE_CURVE_WITH_KNOTS ( 'NONE', 3,
 ( #216, #1019, #13, #115, #601, #796, #913, #1028, #815, #221, #803, #207, #1013, #1123, #500, #697, #921, #621 ),
 .UNSPECIFIED., .F., .F.,
 ( 4, 2, 2, 2, 2, 2, 2, 2, 4 ),
 ( 0.0000000000000000000, 0.0003131292624427139807, 0.0006262585248854279614, 0.0009393877873281419964, 0.001252517049770855923, 0.001565646312213569849, 0.001878775574656283993, 0.002191904837098997919, 0.002505034099541711846 ),
 .UNSPECIFIED. ) ;
#857 = CARTESIAN_POINT ( 'NONE',  ( -255.4864437121073308, 4.706918761703506426, 1.687143353686993086 ) ) ;
#858 = EDGE_CURVE ( 'NONE', #451, #30, #849, .T. ) ;
#859 = CARTESIAN_POINT ( 'NONE',  ( -256.4515396244192402, -4.251905197223033284, -2.632610000311315979 ) ) ;
#860 = CARTESIAN_POINT ( 'NONE',  ( -255.6660167592233392, 3.086581459200553379, 3.933769595709802669 ) ) ;
#861 = PERSON_AND_ORGANIZATION ( #584, #546 ) ;
#862 = CARTESIAN_POINT ( 'NONE',  ( -256.4410976387545702, 5.521385951799306469, 5.079829281757867854 ) ) ;
#863 = FACE_BOUND ( 'NONE', #918, .T. ) ;
#864 = VERTEX_POINT ( 'NONE', #728 ) ;
#865 = FACE_BOUND ( 'NONE', #240, .T. ) ;
#866 = DIRECTION ( 'NONE',  ( 3.483902980920037752E-15, 0.5912510568824423940, -0.8064875620463064498 ) ) ;
#867 = CARTESIAN_POINT ( 'NONE',  ( -256.1986550468670316, -4.510419492725678658, -2.162445679307464896 ) ) ;
#868 = CIRCLE ( 'NONE', #770, 7.500000000000002665 ) ;
#869 = CARTESIAN_POINT ( 'NONE',  ( -275.1044820004130429, 7.238933725706621303, -18.49994158138952116 ) ) ;
#870 = DIRECTION ( 'NONE',  ( -1.000000000000000000, -2.918785349317743680E-29, 3.983747571366109617E-29 ) ) ;
#871 = ORIENTED_EDGE ( 'NONE', *, *, #1255, .T. ) ;
#872 = VERTEX_POINT ( 'NONE', #739 ) ;
#873 = ORIENTED_EDGE ( 'NONE', *, *, #434, .F. ) ;
#874 = CARTESIAN_POINT ( 'NONE',  ( -256.6394173991524781, -5.919335909205616808, -4.606807977983150337 ) ) ;
#875 = CARTESIAN_POINT ( 'NONE',  ( -275.6391070104598953, 7.452811789131607689, -18.72460295944943098 ) ) ;
#876 = CARTESIAN_POINT ( 'NONE',  ( -275.7789967941274654, 5.684754524520943875, -20.37075067173190845 ) ) ;
#877 = CARTESIAN_POINT ( 'NONE',  ( -255.0000000000000000, 4.733577089779418934, 1.610356462127360944 ) ) ;
#878 = CARTESIAN_POINT ( 'NONE',  ( -275.0000000000006821, 5.912510568824528079, -8.064875620463265449 ) ) ;
#879 = CARTESIAN_POINT ( 'NONE',  ( -253.3500112446505739, 4.137140837899218049, 2.897996845604288829 ) ) ;
#880 = CARTESIAN_POINT ( 'NONE',  ( -274.7884564943549321, 18.34667869850220967, -12.34055836394506045 ) ) ;
#881 = CARTESIAN_POINT ( 'NONE',  ( -255.0000000000007390, -4.924899606893901272, -5.656444454073386474 ) ) ;
#882 = VECTOR ( 'NONE', #348, 1000.000000000000114 ) ;
#883 = CARTESIAN_POINT ( 'NONE',  ( -255.0000000000000000, 4.733577089779418934, 1.610356462127360944 ) ) ;
#884 = CYLINDRICAL_SURFACE ( 'NONE', #1222, 5.049999999999569944 ) ;
#885 = FACE_OUTER_BOUND ( 'NONE', #233, .T. ) ;
#886 = CARTESIAN_POINT ( 'NONE',  ( -253.3605826008489714, 6.174188436760648990, 4.259180026647189088 ) ) ;
#887 = VERTEX_POINT ( 'NONE', #556 ) ;
#888 = CARTESIAN_POINT ( 'NONE',  ( -274.5084587131661351, 15.54115313589610459, -12.61214937768219713 ) ) ;
#889 = EDGE_CURVE ( 'NONE', #1229, #864, #959, .T. ) ;
#890 = CARTESIAN_POINT ( 'NONE',  ( -274.3009508179454201, 7.988736073338663424, -19.44155743857744767 ) ) ;
#891 = CARTESIAN_POINT ( 'NONE',  ( -274.9999999999990337, 7.238933725697482835, -18.49994158138044043 ) ) ;
#892 = CARTESIAN_POINT ( 'NONE',  ( -256.3179201055097565, -3.391089819136801964, -3.745285906813712096 ) ) ;
#893 = CARTESIAN_POINT ( 'NONE',  ( -270.0000000000000000, -6.938893903907228378E-15, 3.469446951953614189E-15 ) ) ;
#894 = CARTESIAN_POINT ( 'NONE',  ( -253.3606635929756123, 4.197952621552763830, 2.809109737750220770 ) ) ;
#895 = B_SPLINE_CURVE_WITH_KNOTS ( 'NONE', 3,
 ( #766, #747, #1186, #957, #258, #876, #462, #1283, #360, #657, #380, #59, #1078, #153 ),
 .UNSPECIFIED., .F., .F.,
 ( 4, 2, 2, 2, 2, 2, 4 ),
 ( 0.002502944106547405449, 0.003128532620974644810, 0.003441326878188261888, 0.003754121135401878966, 0.004066915392615496477, 0.004379709649829113122, 0.005005298164256228449 ),
 .UNSPECIFIED. ) ;
#896 = CARTESIAN_POINT ( 'NONE',  ( -274.2000672463241244, 15.82438652457679140, -13.06601660108706575 ) ) ;
#897 = COORDINATED_UNIVERSAL_TIME_OFFSET ( 1, 0, .AHEAD. ) ;
#898 = CARTESIAN_POINT ( 'NONE',  ( -255.0000000000007390, 4.924899606893847981, 5.656444454073214168 ) ) ;
#899 = ORIENTED_EDGE ( 'NONE', *, *, #1200, .F. ) ;
#900 = CARTESIAN_POINT ( 'NONE',  ( -253.9840692514498528, 6.734945439646570442, 3.303645417891496461 ) ) ;
#901 = CARTESIAN_POINT ( 'NONE',  ( 0.0000000000000000000, 0.0000000000000000000, 10.00000000000000000 ) ) ;
#902 = CARTESIAN_POINT ( 'NONE',  ( -274.2211200598100618, 7.884359508027753982, -19.27941168320952769 ) ) ;
#903 = CYLINDRICAL_SURFACE ( 'NONE', #457, 1.499999999999992673 ) ;
#904 = VERTEX_POINT ( 'NONE', #377 ) ;
#905 = ORIENTED_EDGE ( 'NONE', *, *, #359, .F. ) ;
#906 = CARTESIAN_POINT ( 'NONE',  ( -245.0000000000006821, 1.092875789865388469E-13, -2.046973701652632371E-13 ) ) ;
#907 = DIRECTION ( 'NONE',  ( 0.0000000000000000000, 0.0000000000000000000, 1.000000000000000000 ) ) ;
#908 = CARTESIAN_POINT ( 'NONE',  ( -254.2469766687545700, 4.663010328799885862, 1.805406431533282952 ) ) ;
#909 = CARTESIAN_POINT ( 'NONE',  ( -254.4651016093625344, 4.797597322534429942, 1.577166798657283486 ) ) ;
#910 = EDGE_CURVE ( 'NONE', #1194, #209, #793, .T. ) ;
#911 = APPROVAL_DATE_TIME ( #1189, #1300 ) ;
#912 = CARTESIAN_POINT ( 'NONE',  ( -274.5079422437431731, 6.167113315143133434, -21.07041769967816691 ) ) ;
#913 = CARTESIAN_POINT ( 'NONE',  ( -275.6990491820558304, 16.13752689138413743, -13.46752707503579316 ) ) ;
#914 = ADVANCED_FACE ( 'NONE', ( #1174, #836 ), #779, .F. ) ;
#915 = CARTESIAN_POINT ( 'NONE',  ( -253.4354696498337205, -3.734289297700513099, -3.401113604248825695 ) ) ;
#916 = CARTESIAN_POINT ( 'NONE',  ( -275.6404433603285611, 17.56163835676136031, -11.31543377693238028 ) ) ;
#917 = CARTESIAN_POINT ( 'NONE',  ( -254.8023246450110832, 4.730277942624286247, 1.620146755646735048 ) ) ;
#918 = EDGE_LOOP ( 'NONE', ( #244, #132 ) ) ;
#919 = MECHANICAL_CONTEXT ( 'NONE', #1139, 'mechanical' ) ;
#920 = AXIS2_PLACEMENT_3D ( 'NONE', #569, #1088, #375 ) ;
#921 = CARTESIAN_POINT ( 'NONE',  ( -275.1045078079895347, 15.46510685857929879, -12.46918080118909344 ) ) ;
#922 = CARTESIAN_POINT ( 'NONE',  ( -255.0000000000000000, -2.959823919132114511, -4.029819148266262197 ) ) ;
#923 = CARTESIAN_POINT ( 'NONE',  ( -253.4033650484819304, -3.804498512406582211, -3.322607730915828839 ) ) ;
#924 = CARTESIAN_POINT ( 'NONE',  ( -253.9930605681918792, -6.731098090556231206, -3.308475022510248831 ) ) ;
#925 = CARTESIAN_POINT ( 'NONE',  ( -267.5000000000006821, 4.434382926618448906, -6.048656715347537904 ) ) ;
#926 = ADVANCED_FACE ( 'NONE', ( #626, #96 ), #1087, .T. ) ;
#927 = CARTESIAN_POINT ( 'NONE',  ( -256.6500489828804348, 4.009071262852342166, 3.072721603301655779 ) ) ;
#928 = CARTESIAN_POINT ( 'NONE',  ( -253.3607765708830755, -6.175069260155612305, -4.257906184358430934 ) ) ;
#929 = VERTEX_POINT ( 'NONE', #1084 ) ;
#930 = EDGE_CURVE ( 'NONE', #1233, #289, #603, .T. ) ;
#931 = CARTESIAN_POINT ( 'NONE',  ( -255.7341910133535521, 4.769691500816764851, 1.659650816479601776 ) ) ;
#932 = CARTESIAN_POINT ( 'NONE',  ( -253.9100939622648809, -6.700496136024161054, -3.370365084926762567 ) ) ;
#933 = FACE_BOUND ( 'NONE', #734, .T. ) ;
#934 = ADVANCED_FACE ( 'NONE', ( #1227, #1192 ), #762, .T. ) ;
#935 = ORIENTED_EDGE ( 'NONE', *, *, #1055, .F. ) ;
#936 = VERTEX_POINT ( 'NONE', #576 ) ;
#937 = ORIENTED_EDGE ( 'NONE', *, *, #496, .T. ) ;
#938 = DIRECTION ( 'NONE',  ( -0.0000000000000000000, -0.8064875620463063388, -0.5912510568824422830 ) ) ;
#939 = CARTESIAN_POINT ( 'NONE',  ( 0.0000000000000000000, 0.0000000000000000000, 0.0000000000000000000 ) ) ;
#940 = AXIS2_PLACEMENT_3D ( 'NONE', #220, #99, #605 ) ;
#941 = CARTESIAN_POINT ( 'NONE',  ( -275.0000000000006253, 19.41689591260605852, -9.572050622464857383 ) ) ;
#942 = CARTESIAN_POINT ( 'NONE',  ( -255.0000000000007390, -4.824800198770855530, -1.491242113788343593 ) ) ;
#943 = ORIENTED_EDGE ( 'NONE', *, *, #692, .T. ) ;
#944 = CARTESIAN_POINT ( 'NONE',  ( -253.6911414090099015, -4.437241882606612009, -2.311876958458820130 ) ) ;
#945 = DIRECTION ( 'NONE',  ( 1.000000000000000000, 0.0000000000000000000, 0.0000000000000000000 ) ) ;
#946 = CYLINDRICAL_SURFACE ( 'NONE', #840, 0.8000000000000015987 ) ;
#947 = EDGE_CURVE ( 'NONE', #289, #448, #798, .T. ) ;
#948 = FACE_BOUND ( 'NONE', #750, .T. ) ;
#949 = EDGE_LOOP ( 'NONE', ( #291, #159, #801, #673 ) ) ;
#950 = CARTESIAN_POINT ( 'NONE',  ( -253.5099791353991918, -4.147441648962556293, -2.794280495715706358 ) ) ;
#951 = CC_DESIGN_PERSON_AND_ORGANIZATION_ASSIGNMENT ( #649, #610, ( #491 ) ) ;
#952 = ORIENTED_EDGE ( 'NONE', *, *, #1122, .T. ) ;
#953 = CARTESIAN_POINT ( 'NONE',  ( -254.0843096914327646, -3.211589453378505876, -3.832603678603141883 ) ) ;
#954 = CARTESIAN_POINT ( 'NONE',  ( -275.6396503713575044, 8.034647875972744657, -19.51812709833959048 ) ) ;
#955 = DATE_AND_TIME ( #718, #253 ) ;
#956 = VERTEX_POINT ( 'NONE', #191 ) ;
#957 = CARTESIAN_POINT ( 'NONE',  ( -275.6390920865572980, 5.506949299668664644, -20.15112453955345018 ) ) ;
#958 = CYLINDRICAL_SURFACE ( 'NONE', #1059, 7.500000000000002665 ) ;
#959 = B_SPLINE_CURVE_WITH_KNOTS ( 'NONE', 3,
 ( #1080, #869, #970, #568, #761, #875, #1093, #52, #459, #966, #1183, #565, #954, #49, #162, #1187 ),
 .UNSPECIFIED., .F., .F.,
 ( 4, 2, 2, 2, 2, 2, 2, 4 ),
 ( 0.002505034099541692764, 0.002818086036604368870, 0.003131137973667044543, 0.003444189910729720649, 0.003757241847792396755, 0.004070293784855072428, 0.004383345721917748100, 0.005009449596043100313 ),
 .UNSPECIFIED. ) ;
#960 = CARTESIAN_POINT ( 'NONE',  ( -255.4282153700560514, 6.854238168668929099, 3.044648496225867973 ) ) ;
#961 = ORIENTED_EDGE ( 'NONE', *, *, #281, .T. ) ;
#962 = EDGE_CURVE ( 'NONE', #1044, #1016, #1230, .T. ) ;
#963 = VERTEX_POINT ( 'NONE', #472 ) ;
#964 = CARTESIAN_POINT ( 'NONE',  ( -256.4901379994826129, -4.147036532995512559, -2.794891986090326519 ) ) ;
#965 = EDGE_LOOP ( 'NONE', ( #1108, #552, #699, #330 ) ) ;
#966 = CARTESIAN_POINT ( 'NONE',  ( -275.8000669242391041, 7.825072687206779953, -19.19265451879864415 ) ) ;
#967 = EDGE_LOOP ( 'NONE', ( #9, #1206, #719, #597 ) ) ;
#968 = CARTESIAN_POINT ( 'NONE',  ( -256.3197175179914780, 5.395041704690929585, 5.212251155011357717 ) ) ;
#969 = CARTESIAN_POINT ( 'NONE',  ( -255.2172198277326629, -4.933241750779823853, -5.649212421871770751 ) ) ;
#970 = CARTESIAN_POINT ( 'NONE',  ( -275.2098866618263742, 7.254110120200316203, -18.51487907314852777 ) ) ;
#971 = CARTESIAN_POINT ( 'NONE',  ( -256.3186597520464147, 6.594277791913600417, 3.576184675907370991 ) ) ;
#972 = DIRECTION ( 'NONE',  ( 0.0000000000000000000, -0.8064875620463064498, -0.5912510568824423940 ) ) ;
#973 = AXIS2_PLACEMENT_3D ( 'NONE', #1177, #362, #265 ) ;
#974 = CARTESIAN_POINT ( 'NONE',  ( -255.1977793999510311, 4.730278412578525327, 1.620146213814949165 ) ) ;
#975 = LOCAL_TIME ( 14, 54, 16.00000000000000000, #897 ) ;
#976 = EDGE_LOOP ( 'NONE', ( #1085, #805 ) ) ;
#977 = DIRECTION ( 'NONE',  ( 0.0000000000000000000, -0.8064875620463064498, -0.5912510568824423940 ) ) ;
#978 = CYLINDRICAL_SURFACE ( 'NONE', #435, 5.000000000000000000 ) ;
#979 = CARTESIAN_POINT ( 'NONE',  ( -256.3188563686838393, -5.394573767722635083, -5.212689995268398491 ) ) ;
#980 = CARTESIAN_POINT ( 'NONE',  ( -254.9002676917614849, 4.733577089779421598, 1.610356462127360944 ) ) ;
#981 = CARTESIAN_POINT ( 'NONE',  ( -256.5967757882602314, -3.804864194739406180, -3.322184852038735592 ) ) ;
#982 = CARTESIAN_POINT ( 'NONE',  ( -255.0000000000007390, 9.040439864319099073, 4.581806091447957918 ) ) ;
#983 = CYLINDRICAL_SURFACE ( 'NONE', #518, 0.8000000000000015987 ) ;
#984 = AXIS2_PLACEMENT_3D ( 'NONE', #5, #223, #804 ) ;
#985 = VERTEX_POINT ( 'NONE', #1301 ) ;
#986 = CARTESIAN_POINT ( 'NONE',  ( -253.4345411646595778, 6.348725923644984448, 3.994204657284694981 ) ) ;
#987 = CARTESIAN_POINT ( 'NONE',  ( -274.8955179995882077, 15.46510685857901812, -12.46918080118855876 ) ) ;
#988 = CARTESIAN_POINT ( 'NONE',  ( -269.9000000000006594, 17.73753170647336574, -24.19462686138938068 ) ) ;
#989 = CARTESIAN_POINT ( 'NONE',  ( -267.5000000000006821, 4.434382926618448906, -6.048656715347537904 ) ) ;
#990 = CARTESIAN_POINT ( 'NONE',  ( -253.5689599195976029, 5.522331799096856564, 5.075621453361343960 ) ) ;
#991 = CARTESIAN_POINT ( 'NONE',  ( -274.3608929895414121, 15.61501639201607006, -12.74073870033882372 ) ) ;
#992 = AXIS2_PLACEMENT_3D ( 'NONE', #56, #870, #460 ) ;
#993 = APPROVAL_DATE_TIME ( #77, #294 ) ;
#994 = CARTESIAN_POINT ( 'NONE',  ( -254.2668273036090625, 3.017291315494381898, 4.049732970695923306 ) ) ;
#995 = DATE_AND_TIME ( #847, #350 ) ;
#996 = CARTESIAN_POINT ( 'NONE',  ( -274.5810990110559828, 16.34731491877671417, -13.69804292855931571 ) ) ;
#997 = CARTESIAN_POINT ( 'NONE',  ( -20.00000000000000000, -6.938893903907228378E-15, 3.469446951953614189E-15 ) ) ;
#998 = FACE_BOUND ( 'NONE', #1054, .T. ) ;
#999 = CARTESIAN_POINT ( 'NONE',  ( -255.0000000000000000, -4.733577089779433145, -1.610356462127356281 ) ) ;
#1000 = VERTEX_POINT ( 'NONE', #572 ) ;
#1001 = CARTESIAN_POINT ( 'NONE',  ( -267.5000000000007390, -4.936946324968320532, 6.734171143086498112 ) ) ;
#1002 = EDGE_CURVE ( 'NONE', #566, #956, #1037, .T. ) ;
#1003 = FACE_OUTER_BOUND ( 'NONE', #670, .T. ) ;
#1004 = CARTESIAN_POINT ( 'NONE',  ( -255.7341607799426413, -3.017691790587761158, -4.049435940596688432 ) ) ;
#1005 = CARTESIAN_POINT ( 'NONE',  ( -255.4295844475537081, 4.807939712392517606, 1.544900077061174937 ) ) ;
#1006 = ORIENTED_EDGE ( 'NONE', *, *, #204, .F. ) ;
#1007 = CARTESIAN_POINT ( 'NONE',  ( -282.5000000000007390, -4.434382926618196663, 6.048656715347070723 ) ) ;
#1008 = CARTESIAN_POINT ( 'NONE',  ( -265.0000000000007390, 1.092875789865388469E-13, -2.046973701652632371E-13 ) ) ;
#1009 = CARTESIAN_POINT ( 'NONE',  ( -274.1999606874532560, 7.701227991476038426, -19.02373334726818399 ) ) ;
#1010 = CARTESIAN_POINT ( 'NONE',  ( -255.0000000000007390, -2.873671711058898737, -4.152651068541224788 ) ) ;
#1011 = B_SPLINE_CURVE_WITH_KNOTS ( 'NONE', 3,
 ( #36, #251, #1265, #742, #248, #1268, #1058, #1158, #944, #1166, #733, #950, #349, #254, #437, #853, #140, #644, #443, #347, #953, #1065, #640, #738, #542, #1162, #41, #740 ),
 .UNSPECIFIED., .F., .F.,
 ( 4, 2, 2, 2, 2, 2, 2, 2, 2, 2, 2, 2, 2, 4 ),
 ( 0.004716923349278690641, 0.005306377133062345139, 0.005601104024954172388, 0.005895830916845999636, 0.006485284700629655001, 0.006780011592521451025, 0.007074738484413247916, 0.007369465376305044807, 0.007664192268196841698, 0.008253646051980371295, 0.008548372943872077981, 0.008843099835763784666, 0.009137826727655491352, 0.009432553619547198037 ),
 .UNSPECIFIED. ) ;
#1012 = CARTESIAN_POINT ( 'NONE',  ( -20.00000000000000000, -6.938893903907228378E-15, 3.469446951953614189E-15 ) ) ;
#1013 = CARTESIAN_POINT ( 'NONE',  ( -275.6402329545305747, 15.61563447180754416, -12.74180373656373710 ) ) ;
#1014 = AXIS2_PLACEMENT_3D ( 'NONE', #1, #695, #120 ) ;
#1015 = ADVANCED_FACE ( 'NONE', ( #1071 ), #381, .T. ) ;
#1016 = VERTEX_POINT ( 'NONE', #785 ) ;
#1017 = CIRCLE ( 'NONE', #141, 5.049999999999569944 ) ;
#1018 = CARTESIAN_POINT ( 'NONE',  ( -254.5703446331731357, 4.807934137685160536, 1.544917548152169529 ) ) ;
#1019 = CARTESIAN_POINT ( 'NONE',  ( -275.1058917227454685, 16.41110854959106291, -13.75956090046291891 ) ) ;
#1020 = CARTESIAN_POINT ( 'NONE',  ( -255.4346997531080206, -4.811579115837274934, -1.535819806504968188 ) ) ;
#1021 = ORIENTED_EDGE ( 'NONE', *, *, #124, .F. ) ;
#1022 = ADVANCED_FACE ( 'NONE', ( #366 ), #95, .F. ) ;
#1023 = ORIENTED_EDGE ( 'NONE', *, *, #692, .F. ) ;
#1024 = PERSON_AND_ORGANIZATION_ROLE ( 'design_supplier' ) ;
#1025 = B_SPLINE_CURVE_WITH_KNOTS ( 'NONE', 3,
 ( #791, #813, #504, #510, #222, #219, #700, #690, #707, #205, #916, #112, #408, #1120, #497, #405 ),
 .UNSPECIFIED., .F., .F.,
 ( 4, 2, 2, 2, 2, 2, 2, 4 ),
 ( 0.0000000000000000000, 0.0003128680133184296385, 0.0006257360266368592770, 0.001251472053273713783, 0.001564340066592140874, 0.001877208079910567748, 0.002190076093228994839, 0.002502944106547421929 ),
 .UNSPECIFIED. ) ;
#1026 = CARTESIAN_POINT ( 'NONE',  ( -254.0091402087499262, 3.260105252698277223, 3.791665540419921765 ) ) ;
#1027 = EDGE_CURVE ( 'NONE', #209, #1194, #316, .T. ) ;
#1028 = CARTESIAN_POINT ( 'NONE',  ( -275.7788799401911888, 16.01429392500502757, -13.31920529859230662 ) ) ;
#1029 = CARTESIAN_POINT ( 'NONE',  ( 0.0000000000000000000, 1.224646799147353256E-15, -10.00000000000000000 ) ) ;
#1030 = APPLICATION_PROTOCOL_DEFINITION ( 'international standard', 'config_control_design', 1994, #1139 ) ;
#1031 = CARTESIAN_POINT ( 'NONE',  ( -274.2867256775014084, 6.049764868089483549, -20.88204385870749746 ) ) ;
#1032 = DIRECTION ( 'NONE',  ( 0.0000000000000000000, -0.5912510568824422830, 0.8064875620463064498 ) ) ;
#1033 = ADVANCED_FACE ( 'NONE', ( #863, #834 ), #1134, .T. ) ;
#1034 = CARTESIAN_POINT ( 'NONE',  ( -253.9925727764876910, -4.708629843335574883, -1.826239869696038465 ) ) ;
#1035 =( BOUNDED_CURVE ( )  B_SPLINE_CURVE ( 3, ( #925, #1049, #420, #436 ),
 .UNSPECIFIED., .F., .T. ) 
 B_SPLINE_CURVE_WITH_KNOTS ( ( 4, 4 ),
 ( 3.141592653589793116, 6.283185307179586232 ),
 .UNSPECIFIED. ) 
 CURVE ( )  GEOMETRIC_REPRESENTATION_ITEM ( )  RATIONAL_B_SPLINE_CURVE ( ( 1.000000000000000000, 0.3333333333333333703, 0.3333333333333333703, 1.000000000000000000 ) ) 
 REPRESENTATION_ITEM ( '' )  );
#1036 = DATE_TIME_ROLE ( 'classification_date' ) ;
#1037 = B_SPLINE_CURVE_WITH_KNOTS ( 'NONE', 3,
 ( #776, #1191, #72, #675, #187, #286, #290, #391, #1209, #90, #1113, #492, #880, #681 ),
 .UNSPECIFIED., .F., .F.,
 ( 4, 2, 2, 2, 2, 2, 4 ),
 ( 0.002502944106547421929, 0.003128532620974747158, 0.003441326878188352527, 0.003754121135401958329, 0.004066915392615564132, 0.004379709649829170368, 0.005005298164256264011 ),
 .UNSPECIFIED. ) ;
#1038 = CARTESIAN_POINT ( 'NONE',  ( -255.8296359595022125, -4.751973537003695292, -1.710291172455252751 ) ) ;
#1039 = CARTESIAN_POINT ( 'NONE',  ( -256.6391237119072457, 3.941021567965556915, 3.159456130401092189 ) ) ;
#1040 = DIRECTION ( 'NONE',  ( 1.000000000000000000, -2.040851148208011154E-15, 2.721134864277347811E-15 ) ) ;
#1041 = FACE_OUTER_BOUND ( 'NONE', #547, .T. ) ;
#1042 = EDGE_LOOP ( 'NONE', ( #629, #732, #373, #1262 ) ) ;
#1043 = VECTOR ( 'NONE', #608, 1000.000000000000114 ) ;
#1044 = VERTEX_POINT ( 'NONE', #511 ) ;
#1045 = EDGE_LOOP ( 'NONE', ( #1151, #63, #835, #1295 ) ) ;
#1046 = CARTESIAN_POINT ( 'NONE',  ( -253.5601915897318577, -4.513586258491103287, -2.273985559422086133 ) ) ;
#1047 = PLANE ( 'NONE',  #410 ) ;
#1048 = EDGE_CURVE ( 'NONE', #1092, #34, #536, .T. ) ;
#1049 = CARTESIAN_POINT ( 'NONE',  ( -267.5000000000007390, 16.53169635731302733, 2.820109137889124096 ) ) ;
#1050 = CARTESIAN_POINT ( 'NONE',  ( -256.5966349515195475, 4.313244081678750064, 2.628660601201330937 ) ) ;
#1051 = CARTESIAN_POINT ( 'NONE',  ( -254.5703462297296369, -6.854091083913691484, -3.044980734356355967 ) ) ;
#1052 = PRODUCT_RELATED_PRODUCT_CATEGORY ( 'detail', '', ( #516 ) ) ;
#1053 = DIRECTION ( 'NONE',  ( 0.0000000000000000000, -0.8064875620463064498, -0.5912510568824423940 ) ) ;
#1054 = EDGE_LOOP ( 'NONE', ( #364, #1244 ) ) ;
#1055 = EDGE_CURVE ( 'NONE', #1264, #447, #1290, .T. ) ;
#1056 = LINE ( 'NONE', #941, #1260 ) ;
#1057 = CLOSED_SHELL ( 'NONE', ( #502, #934, #722, #306, #812, #1022 ) ) ;
#1058 = CARTESIAN_POINT ( 'NONE',  ( -254.0088626098733755, -4.596694692357273127, -1.968606229847132960 ) ) ;
#1059 = AXIS2_PLACEMENT_3D ( 'NONE', #588, #394, #1112 ) ;
#1060 = CARTESIAN_POINT ( 'NONE',  ( -254.7831350458840802, -4.933243887628432134, -5.649209686636361916 ) ) ;
#1061 = ORIENTED_EDGE ( 'NONE', *, *, #333, .T. ) ;
#1062 = CIRCLE ( 'NONE', #19, 5.099999999999993427 ) ;
#1063 = CARTESIAN_POINT ( 'NONE',  ( -274.2207061794920264, 5.685417825194456043, -20.37160196716472171 ) ) ;
#1064 = EDGE_CURVE ( 'NONE', #135, #686, #1017, .T. ) ;
#1065 = CARTESIAN_POINT ( 'NONE',  ( -254.2469069087945854, -3.124641267367088471, -3.903815406056105886 ) ) ;
#1066 = CARTESIAN_POINT ( 'NONE',  ( -20.00000000000000000, -6.938893903907228378E-15, 3.469446951953614189E-15 ) ) ;
#1067 = DIRECTION ( 'NONE',  ( 0.0000000000000000000, 0.5912510568824423940, -0.8064875620463064498 ) ) ;
#1068 = CALENDAR_DATE ( 2020, 6, 4 ) ;
#1069 = CARTESIAN_POINT ( 'NONE',  ( -20.00000000000000000, 0.0000000000000000000, 0.0000000000000000000 ) ) ;
#1070 = VERTEX_POINT ( 'NONE', #814 ) ;
#1071 = FACE_OUTER_BOUND ( 'NONE', #1138, .T. ) ;
#1072 = EDGE_CURVE ( 'NONE', #642, #1077, #268, .T. ) ;
#1073 = CARTESIAN_POINT ( 'NONE',  ( -255.2156894939153631, -6.876028094605893592, -2.995035499320539696 ) ) ;
#1074 = LINE ( 'NONE', #654, #1137 ) ;
#1075 = CC_DESIGN_PERSON_AND_ORGANIZATION_ASSIGNMENT ( #1161, #806, ( #516 ) ) ;
#1076 = CARTESIAN_POINT ( 'NONE',  ( -256.4900208646008650, 3.912565045628108695, 3.114660572841846609 ) ) ;
#1077 = VERTEX_POINT ( 'NONE', #901 ) ;
#1078 = CARTESIAN_POINT ( 'NONE',  ( -275.2115435056463753, 6.249365267807605484, -21.20932421718169891 ) ) ;
#1079 = PRODUCT_DEFINITION_SHAPE ( 'NONE', 'NONE',  #752 ) ;
#1080 = CARTESIAN_POINT ( 'NONE',  ( -274.9999999999990337, 7.238933725697482835, -18.49994158138044043 ) ) ;
#1081 = DIRECTION ( 'NONE',  ( 0.0000000000000000000, -0.5912510568824422830, 0.8064875620463064498 ) ) ;
#1082 = CARTESIAN_POINT ( 'NONE',  ( -256.4229973472306483, -4.300654261709272674, -2.552019019303278569 ) ) ;
#1083 = AXIS2_PLACEMENT_3D ( 'NONE', #613, #704, #211 ) ;
#1084 = CARTESIAN_POINT ( 'NONE',  ( -255.0000000000007390, 4.924899606893847981, 5.656444454073214168 ) ) ;
#1085 = ORIENTED_EDGE ( 'NONE', *, *, #124, .T. ) ;
#1086 = CARTESIAN_POINT ( 'NONE',  ( -275.0000000000007390, -4.936946324968305433, 6.734171143086477684 ) ) ;
#1087 = CYLINDRICAL_SURFACE ( 'NONE', #570, 7.500000000000007105 ) ;
#1088 = DIRECTION ( 'NONE',  ( 1.000000000000000000, 2.960580270987559113E-29, -4.040757337506972988E-29 ) ) ;
#1089 =( GEOMETRIC_REPRESENTATION_CONTEXT ( 3 ) GLOBAL_UNCERTAINTY_ASSIGNED_CONTEXT ( ( #433 ) ) GLOBAL_UNIT_ASSIGNED_CONTEXT ( ( #1223, #1236, #602 ) ) REPRESENTATION_CONTEXT ( 'NONE', 'WORKASPACE' ) );
#1090 = VECTOR ( 'NONE', #594, 1000.000000000000000 ) ;
#1091 = VERTEX_POINT ( 'NONE', #409 ) ;
#1092 = VERTEX_POINT ( 'NONE', #611 ) ;
#1093 = CARTESIAN_POINT ( 'NONE',  ( -275.6984577626653277, 7.511724445205847367, -18.79103987273704135 ) ) ;
#1094 = CARTESIAN_POINT ( 'NONE',  ( -256.0911476347885696, 6.699952569797783752, 3.371429173323990724 ) ) ;
#1095 = CARTESIAN_POINT ( 'NONE',  ( -255.1976753549890020, -2.968168130274829508, -4.023727485147495564 ) ) ;
#1096 = CARTESIAN_POINT ( 'NONE',  ( -274.2209838544196714, 15.76574250285578138, -12.98020288553480839 ) ) ;
#1097 = CARTESIAN_POINT ( 'NONE',  ( -256.4405534808100811, -3.527814503952437786, -3.618998838242624583 ) ) ;
#1098 = CARTESIAN_POINT ( 'NONE',  ( -20.00000000000000000, 1.224646799147353256E-15, -10.00000000000000000 ) ) ;
#1099 = EDGE_CURVE ( 'NONE', #656, #936, #1140, .T. ) ;
#1100 = CARTESIAN_POINT ( 'NONE',  ( -254.8906478899890544, 6.876028094605964647, 2.995035499320454431 ) ) ;
#1101 = DIRECTION ( 'NONE',  ( 0.0000000000000000000, 0.7883506069197230293, -0.6152262352739067408 ) ) ;
#1102 = PERSON_AND_ORGANIZATION ( #584, #546 ) ;
#1103 = FACE_OUTER_BOUND ( 'NONE', #1042, .T. ) ;
#1104 = ORIENTED_EDGE ( 'NONE', *, *, #889, .F. ) ;
#1105 = CARTESIAN_POINT ( 'NONE',  ( -253.5181455268152320, 5.586359257097838871, 5.005267313277391494 ) ) ;
#1106 = CARTESIAN_POINT ( 'NONE',  ( -20.00000000000000000, -6.938893903907228378E-15, 3.469446951953614189E-15 ) ) ;
#1107 = LINE ( 'NONE', #1218, #1090 ) ;
#1108 = ORIENTED_EDGE ( 'NONE', *, *, #1160, .F. ) ;
#1109 = CARTESIAN_POINT ( 'NONE',  ( -253.6883575223205014, 5.399085922131992454, 5.206529827300939495 ) ) ;
#1110 = DIRECTION ( 'NONE',  ( 0.0000000000000000000, -0.7883506069197230293, 0.6152262352739067408 ) ) ;
#1111 = CARTESIAN_POINT ( 'NONE',  ( -255.1078733233855758, 4.924899606893846205, 5.656444454073217720 ) ) ;
#1112 = DIRECTION ( 'NONE',  ( 0.0000000000000000000, 0.5912510568824423940, -0.8064875620463063388 ) ) ;
#1113 = CARTESIAN_POINT ( 'NONE',  ( -274.3602295361126835, 18.14252422158396882, -12.10770199006541858 ) ) ;
#1114 = EDGE_CURVE ( 'NONE', #1214, #483, #1011, .T. ) ;
#1115 = CARTESIAN_POINT ( 'NONE',  ( -254.4651131232799628, 6.840741075525071047, 3.075067627390599245 ) ) ;
#1116 = CC_DESIGN_PERSON_AND_ORGANIZATION_ASSIGNMENT ( #1102, #514, ( #752 ) ) ;
#1117 = ORIENTED_EDGE ( 'NONE', *, *, #76, .T. ) ;
#1118 = CARTESIAN_POINT ( 'NONE',  ( -254.0078607771049519, 4.596311845893904291, 1.969484512422031930 ) ) ;
#1119 = DIRECTION ( 'NONE',  ( -5.009266748153424404E-29, 0.5912510568824423940, -0.8064875620463064498 ) ) ;
#1120 = CARTESIAN_POINT ( 'NONE',  ( -275.2093078262746531, 17.41111096125356994, -11.06829064249634342 ) ) ;
#1121 = ORIENTED_EDGE ( 'NONE', *, *, #40, .F. ) ;
#1122 = EDGE_CURVE ( 'NONE', #1070, #461, #111, .T. ) ;
#1123 = CARTESIAN_POINT ( 'NONE',  ( -275.4911721381267284, 15.54091414196307852, -12.61174424043638531 ) ) ;
#1124 = ORIENTED_EDGE ( 'NONE', *, *, #930, .F. ) ;
#1125 = AXIS2_PLACEMENT_3D ( 'NONE', #446, #844, #1067 ) ;
#1126 = PERSON_AND_ORGANIZATION_ROLE ( 'creator' ) ;
#1127 = CARTESIAN_POINT ( 'NONE',  ( -254.5142566807651576, 4.707009989701441022, 1.686890614585671022 ) ) ;
#1128 = SECURITY_CLASSIFICATION_LEVEL ( 'unclassified' ) ;
#1129 = EDGE_CURVE ( 'NONE', #1229, #936, #1056, .T. ) ;
#1130 = CARTESIAN_POINT ( 'NONE',  ( -254.0842752339910078, 3.211628682170790228, 3.832568519700384257 ) ) ;
#1131 = CARTESIAN_POINT ( 'NONE',  ( -253.3500493215508698, -4.008161399218265863, -3.073908365557212807 ) ) ;
#1132 = ADVANCED_FACE ( 'NONE', ( #463 ), #946, .F. ) ;
#1133 = APPROVAL_ROLE ( '' ) ;
#1134 = PLANE ( 'NONE',  #940 ) ;
#1135 = CYLINDRICAL_SURFACE ( 'NONE', #379, 7.500000000000007105 ) ;
#1136 = CARTESIAN_POINT ( 'NONE',  ( -256.0074253019962498, 4.708641766819018137, 1.826214720015592485 ) ) ;
#1137 = VECTOR ( 'NONE', #1289, 1000.000000000000000 ) ;
#1138 = EDGE_LOOP ( 'NONE', ( #899, #783, #575, #214 ) ) ;
#1139 = APPLICATION_CONTEXT ( 'configuration controlled 3d designs of mechanical parts and assemblies' ) ;
#1140 = B_SPLINE_CURVE_WITH_KNOTS ( 'NONE', 3,
 ( #210, #107, #702, #215, #912, #1031, #321, #145, #1063, #357, #634, #848, #545, #48, #846, #548 ),
 .UNSPECIFIED., .F., .F.,
 ( 4, 2, 2, 2, 2, 2, 2, 4 ),
 ( 0.0000000000000000000, 0.0003128680133184256812, 0.0006257360266368513623, 0.001251472053273701640, 0.001564340066592127647, 0.001877208079910553436, 0.002190076093228979660, 0.002502944106547405449 ),
 .UNSPECIFIED. ) ;
#1141 = ADVANCED_FACE ( 'NONE', ( #305 ), #174, .F. ) ;
#1142 = CARTESIAN_POINT ( 'NONE',  ( -255.4310894783847630, 2.920074217525575833, 4.120215630114341998 ) ) ;
#1143 = DIRECTION ( 'NONE',  ( -1.000000000000000000, -0.0000000000000000000, -0.0000000000000000000 ) ) ;
#1144 = CARTESIAN_POINT ( 'NONE',  ( -254.1707976278680405, -4.752062882744054306, -1.710042520425733015 ) ) ;
#1145 = CARTESIAN_POINT ( 'NONE',  ( -253.5585167045997821, -5.522134510511993888, -5.078945784668879249 ) ) ;
#1146 = EDGE_CURVE ( 'NONE', #1091, #447, #1208, .T. ) ;
#1147 = ORIENTED_EDGE ( 'NONE', *, *, #586, .T. ) ;
#1148 = AXIS2_PLACEMENT_3D ( 'NONE', #355, #945, #133 ) ;
#1149 = ORIENTED_EDGE ( 'NONE', *, *, #1114, .T. ) ;
#1150 = VECTOR ( 'NONE', #977, 1000.000000000000114 ) ;
#1151 = ORIENTED_EDGE ( 'NONE', *, *, #910, .F. ) ;
#1152 = EDGE_LOOP ( 'NONE', ( #1154, #905 ) ) ;
#1153 = CARTESIAN_POINT ( 'NONE',  ( -255.0000000000007390, 7.089311376607041915, 7.243215046200766061 ) ) ;
#1154 = ORIENTED_EDGE ( 'NONE', *, *, #1282, .F. ) ;
#1155 = DIRECTION ( 'NONE',  ( 0.0000000000000000000, 0.7883506069197230293, -0.6152262352739067408 ) ) ;
#1156 = CARTESIAN_POINT ( 'NONE',  ( -254.4659803722010167, -4.797685986015091331, -1.576890819478509398 ) ) ;
#1157 = DIRECTION ( 'NONE',  ( 3.491481338843083263E-15, 0.5912510568824423940, -0.8064875620463064498 ) ) ;
#1158 = CARTESIAN_POINT ( 'NONE',  ( -253.8011843923912352, -4.510321136274709986, -2.162649666364711898 ) ) ;
#1159 = LOCAL_TIME ( 14, 54, 16.00000000000000000, #439 ) ;
#1160 = EDGE_CURVE ( 'NONE', #929, #1000, #501, .T. ) ;
#1161 = PERSON_AND_ORGANIZATION ( #584, #546 ) ;
#1162 = CARTESIAN_POINT ( 'NONE',  ( -254.8022206000490826, -2.968167754927443003, -4.023728096337324978 ) ) ;
#1163 = CARTESIAN_POINT ( 'NONE',  ( -265.0000000000007390, 2.985817837256188323, -4.072762188333705957 ) ) ;
#1164 = CYLINDRICAL_SURFACE ( 'NONE', #1083, 1.649999999999998357 ) ;
#1165 = ORIENTED_EDGE ( 'NONE', *, *, #368, .T. ) ;
#1166 = CARTESIAN_POINT ( 'NONE',  ( -253.5770273323390427, -4.300723310595346405, -2.551911372805609535 ) ) ;
#1167 = PLANE ( 'NONE',  #1148 ) ;
#1168 = CARTESIAN_POINT ( 'NONE',  ( -256.4999943725853200, 3.973936587431575518, 3.036050186728379341 ) ) ;
#1169 = CARTESIAN_POINT ( 'NONE',  ( -256.1983591462487766, -3.419106612575004256, -3.650961145964942478 ) ) ;
#1170 = CARTESIAN_POINT ( 'NONE',  ( -255.9156903085672639, 4.621240217413186357, 1.909789681419722607 ) ) ;
#1171 = ORIENTED_EDGE ( 'NONE', *, *, #1099, .F. ) ;
#1172 = CARTESIAN_POINT ( 'NONE',  ( -255.5325228151561419, 4.989970334069613322, 5.599283796669363156 ) ) ;
#1173 = EDGE_CURVE ( 'NONE', #936, #656, #895, .T. ) ;
#1174 = FACE_OUTER_BOUND ( 'NONE', #489, .T. ) ;
#1175 = CARTESIAN_POINT ( 'NONE',  ( -256.6068487408657575, -6.296848876423494445, -4.079232370727461365 ) ) ;
#1176 = FACE_OUTER_BOUND ( 'NONE', #1045, .T. ) ;
#1177 = CARTESIAN_POINT ( 'NONE',  ( -275.0000000000006253, 17.73753170647337285, -24.19462686138939489 ) ) ;
#1178 = EDGE_LOOP ( 'NONE', ( #1104, #285, #467, #193 ) ) ;
#1179 = LINE ( 'NONE', #826, #736 ) ;
#1180 = ORIENTED_EDGE ( 'NONE', *, *, #351, .T. ) ;
#1181 = CARTESIAN_POINT ( 'NONE',  ( -255.6658382485683774, -4.680143202163076666, -1.760053001396033823 ) ) ;
#1182 = B_SPLINE_CURVE_WITH_KNOTS ( 'NONE', 3,
 ( #199, #299, #259, #1005, #809, #931, #1249, #1136, #336, #224, #627, #128, #1050, #825, #1241, #927, #1039, #328, #1234, #619, #521, #816, #18, #710, #415, #234, #1142, #622, #28, #430 ),
 .UNSPECIFIED., .F., .F.,
 ( 4, 2, 2, 2, 2, 2, 2, 2, 2, 2, 2, 2, 2, 2, 4 ),
 ( 0.0000000000000000000, 0.0003246528741841605333, 0.0006493057483683210666, 0.0009739586225524816000, 0.001298611496736642133, 0.001947917245105080294, 0.002272570119289331250, 0.002597222993473581772, 0.002921875867657832294, 0.003246528741842082816, 0.003895834490210586462, 0.004220487364394895531, 0.004545140238579204600, 0.004869793112763514537, 0.005194445986947823606 ),
 .UNSPECIFIED. ) ;
#1183 = CARTESIAN_POINT ( 'NONE',  ( -275.7792086704520784, 7.883840113937044869, -19.27861943362396246 ) ) ;
#1184 = EDGE_CURVE ( 'NONE', #483, #1214, #1240, .T. ) ;
#1185 = CARTESIAN_POINT ( 'NONE',  ( -256.5965525674712922, -4.313282759303183944, -2.628564280054866753 ) ) ;
#1186 = CARTESIAN_POINT ( 'NONE',  ( -275.4177140930987662, 5.362742348726482255, -19.98272309587880713 ) ) ;
#1187 = CARTESIAN_POINT ( 'NONE',  ( -275.0000000000006253, 8.184935416718742474, -19.79032168066382980 ) ) ;
#1188 = DIRECTION ( 'NONE',  ( 3.491481338843083263E-15, 0.5912510568824423940, -0.8064875620463064498 ) ) ;
#1189 = DATE_AND_TIME ( #42, #1242 ) ;
#1190 = CARTESIAN_POINT ( 'NONE',  ( -256.5000427618660410, -4.090296529293071970, -2.877355622115900680 ) ) ;
#1191 = CARTESIAN_POINT ( 'NONE',  ( -274.7911270110776627, 17.40067700749014890, -11.05017826467069675 ) ) ;
#1192 = FACE_OUTER_BOUND ( 'NONE', #314, .T. ) ;
#1193 = CARTESIAN_POINT ( 'NONE',  ( -255.2168649541172272, 6.871638820380471024, 3.005169755712399748 ) ) ;
#1194 = VERTEX_POINT ( 'NONE', #855 ) ;
#1195 = CARTESIAN_POINT ( 'NONE',  ( -275.0000000000022169, 15.46510685857310463, -12.46918080117711014 ) ) ;
#1196 = CARTESIAN_POINT ( 'NONE',  ( -274.8941082772557820, 8.184935416718742474, -19.79032168066383335 ) ) ;
#1197 = CARTESIAN_POINT ( 'NONE',  ( -253.3500923170886097, 5.919465567723574573, 4.610569916416975111 ) ) ;
#1198 = DIRECTION ( 'NONE',  ( 3.483902980920037357E-15, 0.5912510568824423940, -0.8064875620463064498 ) ) ;
#1199 = CARTESIAN_POINT ( 'NONE',  ( -256.6390228502278319, -4.199067621507660775, -2.807416863611194913 ) ) ;
#1200 = EDGE_CURVE ( 'NONE', #642, #181, #760, .T. ) ;
#1201 = CARTESIAN_POINT ( 'NONE',  ( -254.1674492810693664, 6.788207758435082617, 3.190196377956541429 ) ) ;
#1202 = APPROVAL ( #329, 'UNSPECIFIED' ) ;
#1203 = CARTESIAN_POINT ( 'NONE',  ( -275.0000000000006253, 16.41110854959106646, -13.75956090046292069 ) ) ;
#1204 = COORDINATED_UNIVERSAL_TIME_OFFSET ( 1, 0, .AHEAD. ) ;
#1205 = DIRECTION ( 'NONE',  ( 1.000000000000000000, 0.0000000000000000000, 0.0000000000000000000 ) ) ;
#1206 = ORIENTED_EDGE ( 'NONE', *, *, #586, .F. ) ;
#1207 = CARTESIAN_POINT ( 'NONE',  ( -253.6811436313176102, 6.594130168664823266, 3.576452214258686979 ) ) ;
#1208 = B_SPLINE_CURVE_WITH_KNOTS ( 'NONE', 3,
 ( #637, #1073, #617, #38, #149, #445, #31, #838, #239, #647, #454, #1175, #260, #759, #874, #469, #663, #70, #979, #1279, #376, #65, #558, #969, #651, #276 ),
 .UNSPECIFIED., .F., .F.,
 ( 4, 2, 2, 2, 2, 2, 2, 2, 2, 2, 2, 2, 4 ),
 ( 0.005174489742639622539, 0.005821129615475326494, 0.006144449551893177604, 0.006467769488311029581, 0.006791089424728881559, 0.007114409361146733536, 0.007761049233982435756, 0.008084369170400288601, 0.008407689106818138844, 0.009054328979653782083, 0.009700968852489423588, 0.01002428878890732067, 0.01034760872532521775 ),
 .UNSPECIFIED. ) ;
#1209 = CARTESIAN_POINT ( 'NONE',  ( -274.2206854871566861, 17.96457609952647161, -11.88783832323899325 ) ) ;
#1210 = CARTESIAN_POINT ( 'NONE',  ( -269.9000000000007162, 5.912510568824518309, -8.064875620463251238 ) ) ;
#1211 = CIRCLE ( 'NONE', #1284, 7.500000000000007105 ) ;
#1212 = ORIENTED_EDGE ( 'NONE', *, *, #676, .T. ) ;
#1213 = AXIS2_PLACEMENT_3D ( 'NONE', #1297, #589, #280 ) ;
#1214 = VERTEX_POINT ( 'NONE', #999 ) ;
#1215 = APPROVAL_ROLE ( '' ) ;
#1216 = CARTESIAN_POINT ( 'NONE',  ( -253.5000859506673123, 4.149272735820331626, 2.796844661123251807 ) ) ;
#1217 = CARTESIAN_POINT ( 'NONE',  ( -255.0000000000007390, 4.824800198770962112, 1.491242113788291634 ) ) ;
#1218 = CARTESIAN_POINT ( 'NONE',  ( 0.0000000000000000000, 0.0000000000000000000, 10.00000000000000000 ) ) ;
#1219 = ADVANCED_FACE ( 'NONE', ( #440, #1225 ), #958, .T. ) ;
#1220 = CARTESIAN_POINT ( 'NONE',  ( -275.0000000000006253, 20.36289760361797008, -10.86243072173895108 ) ) ;
#1221 = CARTESIAN_POINT ( 'NONE',  ( -255.0000000000007390, 9.040439864319099073, 4.581806091447957918 ) ) ;
#1222 = AXIS2_PLACEMENT_3D ( 'NONE', #708, #310, #607 ) ;
#1223 =( LENGTH_UNIT ( ) NAMED_UNIT ( * ) SI_UNIT ( .MILLI., .METRE. ) );
#1224 = CARTESIAN_POINT ( 'NONE',  ( -253.5770026527693801, 3.727619909628451467, 3.333658345269549184 ) ) ;
#1225 = FACE_BOUND ( 'NONE', #1261, .T. ) ;
#1226 = DIRECTION ( 'NONE',  ( 0.0000000000000000000, -0.5912510568824422830, 0.8064875620463064498 ) ) ;
#1227 = FACE_BOUND ( 'NONE', #843, .T. ) ;
#1228 = APPROVAL_ROLE ( '' ) ;
#1229 = VERTEX_POINT ( 'NONE', #891 ) ;
#1230 = B_SPLINE_CURVE_WITH_KNOTS ( 'NONE', 3,
 ( #1195, #987, #485, #772, #888, #991, #295, #1096, #896, #182, #1308, #480, #477, #996, #196, #1203 ),
 .UNSPECIFIED., .F., .F.,
 ( 4, 2, 2, 2, 2, 2, 2, 4 ),
 ( 0.002505034099541711846, 0.002818086036604390120, 0.003131137973667068829, 0.003444189910729747103, 0.003757241847792425378, 0.004070293784855103653, 0.004383345721917782795, 0.005009449596043139344 ),
 .UNSPECIFIED. ) ;
#1231 = EDGE_CURVE ( 'NONE', #929, #327, #604, .T. ) ;
#1232 = CARTESIAN_POINT ( 'NONE',  ( -255.0000000000007390, 8.064875620463070049, 5.912510568824361989 ) ) ;
#1233 = VERTEX_POINT ( 'NONE', #1007 ) ;
#1234 = CARTESIAN_POINT ( 'NONE',  ( -256.5651523293859100, 3.735359311605324972, 3.399975532636160036 ) ) ;
#1235 = CC_DESIGN_PERSON_AND_ORGANIZATION_ASSIGNMENT ( #638, #1126, ( #685 ) ) ;
#1236 =( NAMED_UNIT ( * ) PLANE_ANGLE_UNIT ( ) SI_UNIT ( $, .RADIAN. ) );
#1237 = CARTESIAN_POINT ( 'NONE',  ( 0.0000000000000000000, 0.0000000000000000000, 0.0000000000000000000 ) ) ;
#1238 = CARTESIAN_POINT ( 'NONE',  ( -245.0000000000006821, 1.092875789865388469E-13, -2.046973701652632371E-13 ) ) ;
#1239 = CARTESIAN_POINT ( 'NONE',  ( -282.5000000000006253, 17.73753170647339061, -24.19462686138941621 ) ) ;
#1240 = B_SPLINE_CURVE_WITH_KNOTS ( 'NONE', 3,
 ( #243, #567, #1095, #755, #449, #51, #1291, #54, #165, #1169, #555, #751, #160, #1190, #964, #859, #1082, #365, #867, #264, #372, #458, #1181, #563, #1286, #660, #169, #270 ),
 .UNSPECIFIED., .F., .F.,
 ( 4, 2, 2, 2, 2, 2, 2, 2, 2, 2, 2, 2, 2, 4 ),
 ( 0.0000000000000000000, 0.0002948077093298736586, 0.0005896154186597473172, 0.0008844231279896209216, 0.001179230837319494634, 0.001768846255979359371, 0.002358461674639224324, 0.002653269383969156583, 0.002948077093299088843, 0.003537692511958955097, 0.003832500221288889092, 0.004127307930618822653, 0.004422115639948757081, 0.004716923349278690641 ),
 .UNSPECIFIED. ) ;
#1241 = CARTESIAN_POINT ( 'NONE',  ( -256.6499506784505797, 4.137336984418384489, 2.897708252980117027 ) ) ;
#1242 = LOCAL_TIME ( 14, 54, 16.00000000000000000, #1204 ) ;
#1243 = CARTESIAN_POINT ( 'NONE',  ( -253.3499573611243534, -6.112129512207765458, -4.347819629947045961 ) ) ;
#1244 = ORIENTED_EDGE ( 'NONE', *, *, #962, .T. ) ;
#1245 = COORDINATED_UNIVERSAL_TIME_OFFSET ( 1, 0, .AHEAD. ) ;
#1246 = ORIENTED_EDGE ( 'NONE', *, *, #1002, .F. ) ;
#1247 = CYLINDRICAL_SURFACE ( 'NONE', #609, 0.8000000000000015987 ) ;
#1248 = ADVANCED_FACE ( 'NONE', ( #1041 ), #300, .F. ) ;
#1249 = CARTESIAN_POINT ( 'NONE',  ( -255.8286519115948181, 4.752185538208898663, 1.709707607245290140 ) ) ;
#1250 = ORIENTED_EDGE ( 'NONE', *, *, #786, .F. ) ;
#1251 = AXIS2_PLACEMENT_3D ( 'NONE', #25, #431, #126 ) ;
#1252 = CARTESIAN_POINT ( 'NONE',  ( -254.4652291375907964, -2.947389994358945664, -4.100888936164759357 ) ) ;
#1253 = CARTESIAN_POINT ( 'NONE',  ( -254.8918106173674403, -4.824800198770854642, -1.491242113788343371 ) ) ;
#1254 = CARTESIAN_POINT ( 'NONE',  ( -254.5717846299454550, -4.965658818078322767, -5.620738193587246023 ) ) ;
#1255 = EDGE_CURVE ( 'NONE', #1000, #541, #701, .T. ) ;
#1256 = DIRECTION ( 'NONE',  ( 0.0000000000000000000, 0.5912510568824421719, -0.8064875620463065609 ) ) ;
#1257 = VERTEX_POINT ( 'NONE', #771 ) ;
#1258 = DIRECTION ( 'NONE',  ( 3.491481338843084446E-15, 0.5912510568824423940, -0.8064875620463064498 ) ) ;
#1259 = CARTESIAN_POINT ( 'NONE',  ( -253.6813402479551200, -5.394363035178566967, -5.212911267019580741 ) ) ;
#1260 = VECTOR ( 'NONE', #353, 1000.000000000000114 ) ;
#1261 = EDGE_LOOP ( 'NONE', ( #1006, #1278 ) ) ;
#1262 = ORIENTED_EDGE ( 'NONE', *, *, #346, .F. ) ;
#1263 = CARTESIAN_POINT ( 'NONE',  ( -280.1000000000007049, 5.912510568824538737, -8.064875620463279660 ) ) ;
#1264 = VERTEX_POINT ( 'NONE', #1010 ) ;
#1265 = CARTESIAN_POINT ( 'NONE',  ( -254.6051585792117748, -4.720537122869733260, -1.650043216783948052 ) ) ;
#1266 = DIRECTION ( 'NONE',  ( 0.0000000000000000000, 0.5912510568824421719, -0.8064875620463065609 ) ) ;
#1267 = MANIFOLD_SOLID_BREP ( 'Body-Move/Copy1[2]', #144 ) ;
#1268 = CARTESIAN_POINT ( 'NONE',  ( -254.0840070766608392, -4.621141719752202448, -1.910025637778018703 ) ) ;
#1269 = DIRECTION ( 'NONE',  ( 0.0000000000000000000, -0.8064875620463064498, -0.5912510568824423940 ) ) ;
#1270 = APPROVAL_PERSON_ORGANIZATION ( #155, #294, #1228 ) ;
#1271 = EDGE_CURVE ( 'NONE', #956, #566, #1025, .T. ) ;
#1272 = ORIENTED_EDGE ( 'NONE', *, *, #947, .F. ) ;
#1273 = ORIENTED_EDGE ( 'NONE', *, *, #820, .F. ) ;
#1274 = CC_DESIGN_APPROVAL ( #1300, ( #491 ) ) ;
#1275 = CARTESIAN_POINT ( 'NONE',  ( -256.1983624627413860, 4.510440376079227320, 2.162344541468557146 ) ) ;
#1276 = FACE_BOUND ( 'NONE', #148, .T. ) ;
#1277 = ORIENTED_EDGE ( 'NONE', *, *, #69, .F. ) ;
#1278 = ORIENTED_EDGE ( 'NONE', *, *, #1231, .F. ) ;
#1279 = CARTESIAN_POINT ( 'NONE',  ( -256.0159307485516820, -5.176768706725048297, -5.429054142228170399 ) ) ;
#1280 = CARTESIAN_POINT ( 'NONE',  ( -256.5000056225581488, 4.090838105045097706, 2.876598049010630653 ) ) ;
#1281 = CARTESIAN_POINT ( 'NONE',  ( -20.00000000000000000, -6.938893903907228378E-15, 3.469446951953614189E-15 ) ) ;
#1282 = EDGE_CURVE ( 'NONE', #963, #775, #228, .T. ) ;
#1283 = CARTESIAN_POINT ( 'NONE',  ( -275.8000794887533402, 5.873033536303265301, -20.62361006229281912 ) ) ;
#1284 = AXIS2_PLACEMENT_3D ( 'NONE', #1315, #326, #612 ) ;
#1285 = CARTESIAN_POINT ( 'NONE',  ( -255.9159929233391608, 3.211784846177521580, 3.832438757875725965 ) ) ;
#1286 = CARTESIAN_POINT ( 'NONE',  ( -255.3915247049194477, -4.716973154007870761, -1.658486202017939837 ) ) ;
#1287 = CARTESIAN_POINT ( 'NONE',  ( -255.0000000000000000, 2.959823919132100745, 4.029819148266268414 ) ) ;
#1288 = ORIENTED_EDGE ( 'NONE', *, *, #778, .F. ) ;
#1289 = DIRECTION ( 'NONE',  ( 1.000000000000000000, 2.958228394578794270E-29, -4.023190616627160208E-29 ) ) ;
#1290 = LINE ( 'NONE', #1221, #157 ) ;
#1291 = CARTESIAN_POINT ( 'NONE',  ( -255.7530233312453447, -3.124608243616538328, -3.903841829972085620 ) ) ;
#1292 = CARTESIAN_POINT ( 'NONE',  ( -255.7537628216293228, 3.124966032707795716, 3.903554281091287326 ) ) ;
#1293 = CARTESIAN_POINT ( 'NONE',  ( -256.6500426388770961, 5.985199049084041434, 4.520957315812277777 ) ) ;
#1294 = EDGE_LOOP ( 'NONE', ( #395, #274 ) ) ;
#1295 = ORIENTED_EDGE ( 'NONE', *, *, #676, .F. ) ;
#1296 = B_SPLINE_CURVE_WITH_KNOTS ( 'NONE', 3,
 ( #24, #22, #531, #332, #1252, #110, #811, #725, #125, #218, #831, #915, #923, #323, #1131, #334, #513, #230, #524, #1046, #614, #424, #1034, #1144, #249, #1156, #632, #32, #1253, #942 ),
 .UNSPECIFIED., .F., .F.,
 ( 4, 2, 2, 2, 2, 2, 2, 2, 2, 2, 2, 2, 2, 2, 4 ),
 ( 0.0000000000000000000, 0.0003246528741841718090, 0.0006493057483683436180, 0.0009739586225525155355, 0.001298611496736687236, 0.001947917245105146864, 0.002272570119289408878, 0.002597222993473671110, 0.002921875867657932908, 0.003246528741842194272, 0.003895834490210717867, 0.004220487364394978798, 0.004545140238579240162, 0.004869793112763501526, 0.005194445986947762023 ),
 .UNSPECIFIED. ) ;
#1297 = CARTESIAN_POINT ( 'NONE',  ( 0.0000000000000000000, 0.0000000000000000000, 0.0000000000000000000 ) ) ;
#1298 = CARTESIAN_POINT ( 'NONE',  ( -255.7318665128671000, 5.052700296650622036, 5.542743245250103534 ) ) ;
#1299 = CARTESIAN_POINT ( 'NONE',  ( -254.5699581856129043, 6.854056292103244630, 3.045059523842918114 ) ) ;
#1300 = APPROVAL ( #419, 'UNSPECIFIED' ) ;
#1301 = CARTESIAN_POINT ( 'NONE',  ( -245.0000000000006821, 4.434382926618428478, -6.048656715347505042 ) ) ;
#1302 = CARTESIAN_POINT ( 'NONE',  ( -254.5665884836085127, 4.958796490068269947, 5.627380951895148975 ) ) ;
#1303 = CARTESIAN_POINT ( 'NONE',  ( -256.5646482005130338, -3.734495966779354692, -3.400892796822699626 ) ) ;
#1304 = CARTESIAN_POINT ( 'NONE',  ( -274.5088278618745221, 7.352086468869659441, -18.61512636831436396 ) ) ;
#1305 = LINE ( 'NONE', #1163, #503 ) ;
#1306 = VECTOR ( 'NONE', #512, 1000.000000000000114 ) ;
#1307 = CARTESIAN_POINT ( 'NONE',  ( -254.7836787163455483, 2.873671711058807698, 4.152651068541024948 ) ) ;
#1308 = CARTESIAN_POINT ( 'NONE',  ( -274.2207913295491153, 16.01369463456128628, -13.31847162251164995 ) ) ;
#1309 = EDGE_LOOP ( 'NONE', ( #343, #767, #689, #312 ) ) ;
#1310 = DIRECTION ( 'NONE',  ( 1.000000000000000000, 0.0000000000000000000, 0.0000000000000000000 ) ) ;
#1311 = CARTESIAN_POINT ( 'NONE',  ( -255.5348983906390288, -2.947431951949637696, -4.100858455080271803 ) ) ;
#1312 = EDGE_CURVE ( 'NONE', #864, #656, #194, .T. ) ;
#1313 = CARTESIAN_POINT ( 'NONE',  ( -255.0000000000007390, 4.824800198770962112, 1.491242113788291634 ) ) ;
#1314 = CARTESIAN_POINT ( 'NONE',  ( -255.0000000000000000, 2.959823919132100745, 4.029819148266268414 ) ) ;
#1315 = CARTESIAN_POINT ( 'NONE',  ( -275.0000000000006253, 17.73753170647337285, -24.19462686138939489 ) ) ;
ENDSEC;
END-ISO-10303-21;
